1876, 阿杜
802016, 安来宁
1878, 艾尔肯
2422, 阿鲲
187295, Assen捷
10998, 爱乐团王超
1879, 安琥
1881, 阿木
1873, 阿宝
860734, 艾索
1908, 阿不都拉
1058073, 阿力木江·托合提
947019, 艾宝良
1877, 阿牛
1886, 艾斯卡尔
1875, 阿信
1039722, 阿明
804159, 阿力普
1132013, A路人
1081752, AlimjanTursun
1007061, Anti-General
1885, 阿炳
1919, AP满人
1945, 安东阳
1106124, 阿杰729
1054175, AiPi 
1087200, AThree-Arslan
1081335, Ablikim Zikrulla izbaRis
1050198, Angry5JaR
784443, 阿来
1888, 阿穆隆
1047066, 阿摩司
1155078, 安乐阳
1980, 安神
1872, 阿沁
762462, 阿见
1132222, abduwali tohti
727015, AL=六甲官锭
1060224, Kadirya
1049340, akbar ahmat ziba
964311, 阿良良木健
1050529, AnsonKao
1898, 阿杰
1921, 安旭
1893, 阿里
6713, AJ张杰
229593, 艾克拜尔
1905, 阿吉仔
1882, 阿强
189605, Aosaki
1990, 安东尼
1043417, 阿权
1896, 阿沐
1912, 阿清
857223, 阿牛和强子
1906, 阿龙正罡
1073078, Alex.Dai
1084038, Akbar Kahriman
1054144, Annco.liu
677006, 阿普萨萨
1040062, Akber
1161024, AC周予天
1883, 阿超
1102011, 阿尔法
1961, 阿译
1039804, 阿鬼
854301, 安平
789918, 阿原
1925, 奥杰阿格
2019, 安德烈
1894, 阿正
975128, Arda
1902, 阿振
862110, 敖日格乐
893266, A3
1932, 阿温
1132165, 任莫醒r
1924, 安志顺
1087658, aMiR
1043424, 傲艺
1086100, Drama Dream
1904, 阿爆
1078310, Alex.x
1021394, 阿四龙
1048056, 阿男
203228, Ap
1934, 阿伦
1049049, allan.X
687028, 阿龙
1081117, Azoy
1977, A-JING
1047377, 艾尼瓦尔江
1910, 阿德
805076, ANNER
1039720, Cynli
1889, 阿贵
996103, A State Of Trance
1916, 阿鹏
1927, 阿乐
1926, 阿拉腾傲刀
1039011, Bilal Enwer
2059, 毕书尽
1131033, 拜合提亚bahtiyar aziz
1181417, 拜合提亚尔塔依尔
777662, 白水
2034, 鲍比达
2104, Beatsound
909029, 白举纲
1060060, 斑辣个马
2026, 布仁巴雅尔
2060, 白羽
2063, 白玛多吉
1094177, 包威尔
1048054, Braska
2087, 波拉
2098, 暴林
2065, 布川
1054040, 冰块先生
2055, 白天不亮
2033, 包朝克
2049, 卞留念
1060169, BRAVEE
816079, 薄彩生
1085053, 变奏的梦想
2103, Bloodz Boi
2032, 贝玛千贝仁波切
1081384, 白东润
2048, 百慕三石
1047011, 白客
1047238, 白挺
1057198, B.C.W.懒领阶级
839689, SAM努尔夏提
2027, 卜学亮
1065002, Bikman
2061, 包伍
228408, Bloody Woods
905711, 白成永
2056, 拜尔
1032373, 边远
1054042, 白噪音乐队
1040104, Blindman
1124078, B.K.G
1050807, 白宁
2089, 布朗
868113, BigKey
743043, 宾俊杰
2071, 白龙
2030, 百川
2073, 鲍元恺
1078050, BHTY-R
1060124, 周迪
1047057, BEC包子
2101, Barry
1084207, 白亮
789124, BP
2031, 白驹荣
1044102, B.M.C
1040095, 菠萝大哥
2036, 滨哥
1057197, 薄汉雄
969082, 背背
1008035, BillySmith
2040, 毕国勇
840888, 卜军
2083, 白云
1039537, BEATS W
7210, 冰咖啡
1165010, 卜风疯
1053147, 笨笨口琴
189947, 保剑锋
1047265, 波仔
1023123, 鲍文洋
1038354, 边边
1032195, 白云飞
1124422, 白力一男
2042, 白水老人
2084, 包伟铭
905110, 边欣
1038088, 贝歌
816200, 鲍国
2052, 比利
1049899, BRET
1041040, 百里熙
1081023, 李胜伟
1057274, 包青山
1046167, 背包客
962220, Baadsvik
2039, 白子正
854299, 包飞
1044046,  梁靖如
1049372, 白浩
2024, 保新谊
1049871, 包尔淦
1039313, Bunny
1132200, 包胡尔查
1080017, Bjergsen
1047363, 巴特尔道尔吉
1132662, Aspada
1032014, 包启宁
1057078, Badkiz
2116, 陈奕迅
2112, 陈小春
2115, 陈百强
2122, 陈冠希
2201, 陈势安
2127, 陈柏宇
1058228, 陈鸿宇
2117, 侧田
2111, 崔健
2121, 蔡旻佑
2124, 陈楚生
963409, 陈学冬
2159, 曹轩宾
2118, 成龙
2153, 常石磊
2125, 陈晓东
2134, 陈坤
2150, 陈冠蒲
2135, 陈勋奇
2131, 川子
2331, 陈翔
6862, 曾志豪
2164, 陈伟霆
2110, 曹格
6557, 曾一鸣
6608, 曾志伟
2294, 陈光荣
2312, C AllStar
168042, 曹寅
2130, 蔡国权
2321, 陈思诚
2375, 蔡志展
991003, 崔跃文
2133, 陈奂仁
2147, 陈旭
2173, 陈星
2414, 曹越
2336, 程池
2141, 陈雷
1080133, 陈乐基
2138, 陈浩民
2174, 陈底里
826307, 陈晓
2440, 陈伟伦
2329, 蔡晓
1132979, 蔡照
2209, 陈少华
2276, 崔京浩
1135204, 陈秋实
2264, 迟志强
2448, 曹秦
2139, 陈冠宇
2230, 陈雅森
2132, 陈建骐
2330, 晨熙
2137, 蔡小虎
2190, 崔恕
941023, 曹槽
2119, 蔡国庆
2113, 车继铃
1135118, 陈咏谦
2165, 陈占美
2187, 陈宁
6740, 曾春年
6790, 曾昱嘉
224360, 陈亮
1028199, 菜小宝丶
5914, 蔡仁皓
2154, 成公亮
2423, 陈羽凡
2123, 陈明章
6521, 曾航生
2202, 陈其钢
1060096, 大彻
1081164, 陈川
2136, 蔡枫华
187926, 陈玉建
2327, 陈杰瑞
2285, 崔弦亮
1049979, 陈建斌
2237, 陈豪
2163, 常宽
818622, Chinsta
1014024, 茶季杨
2283, 陈展鹏
2148, 陈志朋
2389, 陈咏
942004, 陈阳
2245, 陈军
2120, 陈建年
727005, 陈赫
2323, 陈小平
1007135, 陈小虎
2157, 陈志远
2224, 春雷
2128, 陈永淘
2371, 曹磊
1039211, 超级猴子
168015, 褚乔
2143, 陈伟联
791534, 戴荃
2516, 迪克牛仔
2517, 刀郎
2515, 窦唯
2514, 蛋堡
2578, 大冰
2623, 邓超
2513, 冬子
2699, 东篱
2607, 多亮
188681, 大鹏
5068, 单色凌
1057271, Dilshad Ghopur
2518, 东来东往
1038381, DJ张扬
2569, 丁可
896942, 冬子
2545, 丁于
2524, 大张伟
671001, 东南
783379, 杜歌
2522, 杜德伟
2614, 大哲
1135138, DJ浩宝
1025229, DJ YiXiu 
2610, 丁浩然
2520, 东山少爷
2525, 戴玉强
859031, 大飞
2548, 杜聪
2591, 单小源
2527, DJ宝贝
2519, 董运昌
2617, 邓川
2531, 邓健泓
2521, 邓伟标
2682, 丁炜
2529, 杜昆
1041109, 大军
2692, 大军
2888, 狄易达
2632, 代理仁
1019358, DJ跳跃
2526, 窦鹏
2554, 戴军
2528, 刁寒
2532, 丁咚
1043177, ____Vzz
1132492, DJNolyn
1066056, dj皇家礼炮
955037, 丁乔
1019366, 丁童
1088061, DELA
2584, 大宝法王
2600, Doe
2602, 邓杰
2564, 杜昊
1049123, Danijay
2575, 段千寻
2675, 杜淳
189918, 杜海涛
854273, 杜鹏
831288, 丁克森
2530, 杜冲
1085060, DJ 凌晨
805087, 德宏老爹
2616, 丁少华
826382, 大眼炮
961021, 东方健
789136, 大宁
2537, 邓健明
1047424, 杜光祎
2562, 窦智孔
855537, 丁衣凡
1087261, 大张雨
2631, 丁承运
1039910, DJ RETINA
1083066, D蒙介
1050280, 于亮
2585, 大冲
1039543, DjCore
774232, 邓养天
896232, 大兵
1050481, DJ Carmen
2650, 戴亚
2599, 都智文
1049411, DJ晓东
2651, 登格尔
1050641, 大坏兔子
1081314, djokawa official
966134, 逗青
947023, 董冬冬
1058138, 大琴师音乐游戏
1058207, 电音style
2586, Desolate
1032057, DanFII
1060122, DJLayDiMusic
1043205, DJ骏仔
868012, 多杰太阳
1075087, dj黑人black
896894, 贰佰
1039899, eliaqsopa
1085108, 哦漏
2714, EDIQ
1064059, 伊力哈尔·阿卜杜热合曼
1046270, ETIRAZ
2722, E.SO
1053149, EDMarco
966153, EdJean
2727, 二文
1043383, Elvins.J
1135273, Eric
2720, 贰贝勒·木森 (J-Forest)
1048057, EZ-Ven
816055, Easy Mind
2716, 诶姆
1089203, Elfar
1040044, enderdz
1047255, Easion_Ng
981041, Eveight
1094108, E321
2735, EazyToo
1050341, EACH9
1019328, EDEN
1049701, 国际友人-
1080049, “阿兰姐”
1039919, EI身份证
1050576, EXIA
1054116, 儿时玩具
1049900, 冉明阳
2710, 恩炀
1043015, JIN DJs
2730, Eugene Pao
1031114, 大巴士
1039900, EC Robot
905634, 二凉
1073043, ElectronOscillator
2723, Ezfic
1038223, 一针见喜
975774, 二向柚
2728, 二宝
1047206, Electronic Dance Music
2717, Ethen Chen
1192402, 二龙湖浩哥
12403137, 尔冬明
1093034, EryXDY
12363201, ERIC
12492296, Eggace
12074153, EY魂
12404124, Eric Song
1043309, 耳东 
12370200, Evis Wy
938073, 二玩家
12263400, Egil Ellevill
2733, Evade
12213188, 俄比尔古
2721, eclove23
1049964, E.D.J HyunYu
12332127, 二飞
1039360, ElectricGirl
12170031, 耳机
762400, Ever Ending Kicks
1050175, 二龙
2724, E歌
1039579, Emxi
865099, e1
2738, 方大同
2747, 费玉清
2739, 方力申
2736, 范逸臣
2775, 樊凡
957020, 冯佳界
2741, 房祖名
2742, 方炯镔
2743, 费翔
2737, 范宗沛
725039, 冯允谦
2768, 付笛声
2791, 付辛博
2740, 傅聪
1132196, 冯建宇
4544, 佛山DJ明仔
1081940, 甫平
862024, 范忆堂
1043488, 范恩
2754, 冯晓泉
1050319, FreeHand
228462, 冯翰铭
2753, 冯德伦
956281, 符家浚
1081292, Firah
2816, 冯绍峰
2764, 范思威
2802, 肥宝
2786, 范睿
1039404, Forkyrie
1050405, F1y
1032016, 风子
896230, 冯巩
1039141, 方雨晨
1049257, 冯小波
977192, 风雷
2749, 范圣琦
1047027, Ferrison
1163007, 方磊
2758, 冯乔
2752, 方锦龙
2803, 范圣霖
2808, 冯晓荣
2777, 符致逸
2793, 樊少华
2757, 傅振辉
1077058, 菲莫拉
1024299, Oily Fish
1050334, Fosto
2750, Finn
1027003, 符泷飞
1161038, 冯柯
2788, Faber
1132467, 方少言
1132372, 冯行龙
2810, 浮尘
2827, 付豪
2813, 冯泽雨
2761, 浮克
1050441, F.BING.KAI
2748, Funck
1022050, Fattwo
1041080, 冯博
2792, 冯磊
2790, 冯铭潮
1087516, 方治权
2839, 飞翔
2756, 冯杰
802015, 付俊杰
2759, 范竞马
1025042, 梵墨
907004, 费嘉
1016120, 冯光
2766, 方顺吉
908116, 冯满天
2762, 方奕
1039402, fx
2778, 冯言
2769, 冯伟棠
1081898, 疯哥张
1081399, 冯光华
2771, 冯少先
1132739, FroZenUniverse
2765, 范振锋
1019125, 范宏伟
809018, Ca$hFlow
1039295, 范洛
1018070, 浮小生July
1057234, FACEVÔID
2795, 方迪
1115016, FOM
1019745, 范朋飞
1046239, 奉枫
1048005, 范文夺
2751, Funky末吉
2825, Fpo
1087202, Fre浩成
2781, 傅振荣
2805, 冯家俊
2799, 范竟马
2849, 古巨基
2842, 光良
2863, 高进
2922, 郭德纲
2852, 郭富城
2843, 郭顶
2963, 高安
2868, 关喆
2853, 关正杰
2948, 宫傲
2981, 葛平
2848, 郭峰
2870, 甘仕良
2861, 关楚耀
2850, 顾嘉辉
2947, 国蛋
2841, 高晓松
2874, 顾峰
2859, 管平湖
2862, 龚一
2867, 哏德全
2878, 顾海滨
3007, 郭少杰
2879, 关智斌
1043146, 光合唱片
900276, 戈锐 (Gray a.k.a. RG)
2928, 高夫
2844, 古天乐
2846, 高明骏
2851, 郭子
2892, 高林生
2857, 高凌风
2856, 高枫
3020, 过江龙
3042, 高正洋
2885, 光头李进
908209, Gordon扬豆仔
2890, 恭硕良
3031, 关栋天
2945, 歌浴森
2847, 郭伟亮
2872, 关德辉
1049027, 郭京飞
2959, 根呷
905095, 嘎玛西周
2946, 刮刮乐
2972, 高山林
2925, 管维嘉
1049741, 尕金乐队
2875, 郭浩男
1049033, 高铭
2912, 郭炳坚
2871, 广智
2926, 高杰
2969, 关泽楠
2909, 郭晋安
1044179, 攻击
3029, 高信
2881, 高皓正
2899, 关贵敏
2911, 郭颂
1039344, 果粒陈
2962, 格茸农布
1039129, 宫无后
2865, 谷峰
2891, 郭品超
2987, 郭一凡
2960, 高韶青
2887, 高向鹏
887107, 葛维永
1124443, gilas0994
2855, 郭敬明
2845, 狗毛
2903, 甘子辉
820439, 谷柏杉
2949, 高原
2858, 郭小霖
1087492, Grenadn
3000, 耿为华
2869, 古皓
2880, 郭虔哲
2854, 郭英男
2910, 郭桂彬
3002, 管呆
839567, GZ
190012, 怪兽
2889, 苟伟
1132304, 郭好为
861441, GBZ
4443, 刘光蕊
3003, 高阳
2994, 尕让邓真
1053246, 郭纯
2902, 高见
2954, 高峰
2898, 顾建华
1039850, 龚硕
2979, 格杰白玛
2971, 高登
3122, 高自成
3348, 回音哥
3066, 胡彦斌Tiger Hu
3249, 河图
3062, 黄耀明
861777, 华晨宇
3273, 胡夏
3064, 胡歌
3058, 后弦
3081, 胡伟立
3255, 黄渤
3071, 郝云
3063, 黄义达
3415, 霍尊
3086, 海鸣威
3072, 韩磊
3084, 洪卓立
3059, 黄霑
3120, 霍建华
3069, 洪启
3322, 黄英华
3094, 黄晓明
3077, 欢子
3116, 黄家强
3090, 何炅
3272, 韩庚
3073, 黄凯芹
1006030, 洪尘
3065, 黄立行
3079, 黄品源
3068, 黄大炜
3126, 黄宗泽
1049179, Hanser
3082, 黄安
3061, 黄磊
1025202, 黄子韬
3056, 胡德夫
3307, 晃儿
3060, 黄建为
3421, 黄勇
3330, 胡鸿钧
3106, 黄永灿
3259, 呼斯楞
3112, 何润东
3070, 黄玠
3102, 黄靖伦
3080, 黄贯中
3093, 黄征
223221, 浩子
3118, 黑龙
3078, 黄伟文
1045031, 黄立纲
3256, 黄明志
3104, 骅梓
3162, 胡兵
3055, 何勇
3217, 哈孜肯
3075, 何训田
3138, 何家劲
3105, 何维健
789450, 何山
3076, 黄秋生
3123, 黄国俊
3057, 黄舒骏
3378, 何崇志
1039221, 荷马先生
1053259, Hush
3250, 火风
3121, 黄阅
94064, Howie Lee
3100, 黄中原
3148, 胡瓜
3210, 慧普法师
3166, 黄鹤翔
3311, 海生
3175, 含笑
3261, 浩瀚
860039, 胡洋
3291, 何龙雨
3276, 何晟铭
3154, 洪荣宏
3158, 荒山亮
3426, 贺国丰
3142, 洪俊扬
1063182, 胡欣
3216, 郝歌
3124, 侯志坚
3101, 黄鸿升
3136, 黄蒙拉
3074, 杭天
3088, 黄家伟
839761, 何流
787002, 华少
1077005, 黄洋
3287, 侯宝林
1018008, 杭航
3424, 黄平
916025, 和汇慧
3353, 胡小宝
1068009, 狠毒男孩
3095, 黄子华
1038374, iMoon
956418, InfiniteMusic
1132544, Iceloki
900332, imeatART
1047333, iCsuo
3438, iiiis
1039978, ilham丁丁
1039393, IMAGINE
133386, INK
942230, Invisible Reality
1031042, ibinbao
1049076, Inspiration Crowd
1031052, Impractical Scraps
1050737, Ilya Ai Wei
1161208, Izumi koga
3445, Intangible Ism
12263528, Imc王辰
11975111, ilem
1081840, irevan
1039395, IANNE
1044068, IMCUICUI
1000135, I,Defiance
1083022, iimmune
233211, INTI
820494, Inbellum
166014, 金志文
3558, 蒋明
3535, Jason Chen
3528, 靳松
3456, 姜育恒
188694, 蒋蒋
3585, 蒋勋
827163, 金贵晟
5001, 简弘亦
3459, 姜玉阳
1106073, 贾乃亮
3452, 蒋大为
3450, 几米
3454, 贾鹏芳
3600, 江智民
3499, 景岗山
1081155, 蒋劲夫
3464, 江涛
3539, 井柏然
3453, 蒋志光
3498, 金学峰
3536, 金培达
3594, 蒋山
1047078, 江南诚
3537, 鞠起
3613, 纪晓斌
789380, J-Sleeper性感的拖鞋
3562, 金复载
840314, 茉莉与年少
5839, 解小东
1087229, 吉佑社
1156032, 靳东
3534, 贾鹏新
3451, 金城武
3463, 江得胜
1085016, 贾轶男
12048, Jurat.T.T
905426, 金润吉
837204, 蒋卓嘉
3515, Jeff李
3519, 金科
3504, 君君
1015710, 江潮
3458, 纪佳松
3572, 君子
3551, 金泽
729003, 贾涛
3524, 极泷
3541, 姜昆
1049408, 姜潮
1049100, 九阳
3462, 吉杰
3526, JR Fog
3563, 金久哲
1038349, 杰磊
3466, 姜鹏
3484, 吉中鸣
3489, 姜小鹏
3476, 江志丰
1081355, Jimmis
3461, 江凯文
1039357, 简单
1071076, 姜贰拾
1038398, 纪粹希
3576, 金玥
1036002, Jadry
190079, 家家
995003, 净土Pure Land
3591, 甲雍
3530, 基地小虎
3482, 焦恩俊
3511, 蒋月泉
789698, 贾杰
3557, 贾卿卿
1047010, 叫兽易小星
3492, 蒋国基
1060009, JIanG.x
3606, 简广易
3564, 金城
3449, 金武林
3532, 金木
1011198, 江生
3506, 金波
3455, 季忠平
3549, 金韩一
1132606, 蒋贡康楚仁波切
1049680, 吉克曲布
3578, 酒吧伤心人
3518, 计镇华
3521, 姜洋
747137, Jocey
1039907, 金杨
3465, 江天
1039055, MC井宁
1046056, 井盖儿
1015644, Jasing Rye
3467, 蒋才如
3596, 金镇
3593, 金山
1063007, 居来
1047064, KBShinya
3617, 柯有伦
3658, 克尔曼
3616, KenT
686006, 康康
3627, 康康
3654, 柯震东
3614, 柯受良
862058, 卡修Rui
3641, 凯撒
991002, 柯智棠
1135192, A-Tong
868001, KillerBlood
3640, Kz
3619, 孔令奇
3672, 柯暮卿
1019172, 凯玟桑
1132451, 柯大堡
1019155, 孔垂楠
1088051, KB
3624, 孔祥东
3651, KT
3649, 昆虫白
3643, Kositu
1043220, Killazer
1060093, Keyshawn Binean
3660, 柯皓燃
3667, BaBur
3621, 克里木
1047200, Foobar
3662, 轲然
5980, 阚立文
911042, 康硕Kenny
758285, Karma Kid
3620, 孔宏伟
3630, 空气球
1161004, 开松法师
1039757, 孔熙俊
1050531, K_izum
1038242, 堪布贝玛千贝仁波切
3665, Orientlic Beats
1079139, 卡列宁
3628, 康克菲
3635, KuKi.W
1046036, 口琴ok
1039553, K'桑
3625, 卡卡
994003, 开鹏程
222404, 卡斯Kas$
961279, 孔一兵
1132845, K.邵庄
1038406, KhalilWonger
1099008, KNXER
3644, 坤鹏
1043127, 康小白
3631, 邝祖德
787062, Knife Lee
832242, 匡萃龙
1050581, King
3623, 康万生
3626, 柯羽
818247, 阚杰
991229, 肯别
3680, 亢帅克
3642, 康然
3639, 恐龙李
935234, K3NT
3646, 科尔沁夫
3618, 康贤
3657, 孔朝
1044036, Kael 鹿帆
999157, Katana
3638, 孔锵
3661, 开克尔曼尼
3636, Know Hope Collective
3655, 孔朝晖
975230, 咖啡杯里的茶
1094139, Ken-Ming Yang
1124332, 吕先生
1081307, 狂奔的萝卜
1132707, Makino.
1040055, Kona.Y
3622, 康乔
1050484, 寇瑞
3670, 康梓峰
1049872, Kalen
1050287, King@C AllStar
1049889, 凯歌
1084021, KH
1028042, zpan
1041071, 空悟
1043285, kico
1069015, 杨文博Poe
934041, 寇跃
1081974, Koowho
1039049, 康斌 
3677, 康茜
1081026, 匡鹏
1081017, 苦啤酒
1039756, 邝子臻
3684, 林俊杰
4292, 李荣浩
3681, 李志
3695, 李健
3699, 李克勤
3691, 刘德华
3682, 老狼
3683, 李宗盛
3685, 林宥嘉
3694, 罗志祥
3765, 李易峰
3722, 梁汉文
3689, 李玖哲
3702, 林峯
3692, 林志炫
1038093, 鹿晗
3693, 林海
3706, 林子祥
3705, 李圣杰
1156241, 罗凯楠
3688, 刘欢
3697, 卢冠廷
3686, 罗大佑
4125, 骆集益
4393, 李代沫
4055, 赖伟锋
4015, 冷漠
3701, 黎明
3698, 罗文
4093, 李行亮
3715, 梁朝伟
3713, 刘东明
981141, 伦桑
4006, 梁晓雪
3690, 卢广仲
4130, 李玉刚
893267, 李琦
166010, 梁博
3723, 吕方
3798, 卢中强
3848, 刘允乐
4069, 六哲
855488, 罗艺恒
4080, 刘心
3956, 罗家英
961227, 廖国钺
816087, 李晋
4084, 林奕匡
3737, 刘畊宏
3687, 林一峰
3830, 刘鹏
3902, 李晓杰
3704, 林志颖
3717, 李云迪
3762, 吕思清
3716, 林隆璇
4119, 林坤信
3707, 郎朗
972029, 李玉玺
3700, 李泉
3703, 李寿全
3789, 李逸朗
3732, 罗百吉
3735, 卢学叡
4079, 林育群
3751, 刘浩龙
4260, 李魏西
4214, 龙飞
4037, Lu1
3991, 黎允文
4047, 李志辉
1047239, 流浪的蛙蛙
4032, 李建傧
3754, 李春波
3747, 刘嘉亮
3952, 卢小旭
4474, 刘明汉
3736, 林宇中
3827, 李琛
3776, 陆毅
3793, 陆虎
4188, 刘佳
3772, 雷诺儿
3924, 林汉洋
3733, 李延亮
3718, 刘文正
784451, 李祥祥
861282, 李剑青
3734, 罗嘉良
1041090, 林一杰
4031, 李治廷
3812, 刘可
3933, 林友声
3711, 李泰祥
3834, 廖文强
3752, 李维
3884, Lawrence
4089, 李炜
3767, 李茂山
3841, 梁家辉
4592, 马頔
4483, 麦浚龙
4479, MC Hotdog
12413, 慕寒
4480, 马条
1050611, M-PHOTOS
4569, 麦振鸿
896927, 莫西子诗
4486, 毛宁
4485, 马天宇
4619, 马旭东
4488, 满文军
188141, 满舒克
842005, 马飞
1156176, 孟可
1041010, 买尔旦
1049093, MILLAN
1043199, MC-5
1039223, 麦吾兰江
4489, MC仁
4538, 马常胜
4651, 马博
816093, 茉莉僧
826336, 马雨阳
4481, 满江
4527, 马上又
4552, 毛毛
1039663, Mc苏刚
4490, 马浚伟
4607, 马丁
4576, 毛方圆
1041122, Mr.岑
896274, mAjorHon
792162, M80
4621, 闫东炜
858161, 马潇
1047007, MC天佑
1049850, MC张凯
817036, 蒙面哥
1112008, Mr.Cali
4496, 麦子杰
1038405, Mc koz
1178126, mc小洲
187903, Mc光光
4561, 马三立
1050352, Madsam
1044174, MC人皇
1132392, 马思唯
4590, 马健涛
4596, 蒙克
4578, 莫染
1064006, 马铭远
571797, chill boy
894087, 马季
4513, 馒头
4551, Mr.Trouble麻烦先生 
869009, 麦子
1047242, 毛晖
4558, 马洪波
4573, Masta Mic
4508, 马德钟
1124053, 缪培琪
1050345, Mc蛋蛋哥
4606, 马连良
4533, 马海生
1132719, Mardan
4494, 马兆骏
4548, 梅兰芳
1050347, M&K
896782, 苗阜
4501, 马可
1044031, MC腐朽
4492, 马念先
1038128, Mc
4568, 马志明
1063055, Merdan Ablikim
1049762, 慕滨阳
1043170, Mc冰鑫
1043482, mAd-Noisy
1105059, 方仔Rich John
4630, 马健南Kennan
954100, 木子烁
1038238, Mario
1039286, Mc张飞
4521, 莫华伦
4542, 明圣凯
1115085, Mc狼君
1038337, M2U
4564, 马力
1008007, 莫爱河往生
832643, 苗小青
1049174, 慕斯の小乖
1094191, 明仔
1081643, Miles Okin
4532, 马闯
227310, 麦莎乐队
1041135, MC伊龙
1049997, 韩彬农James
4582, MC Banana
1049168, MuSik I
190349, NL不分
4672, 倪安东
1049392, 宁夏
980113, 宁桓宇
804367, 南城二哥
4662, 南风
990051, 泥鳅Niko
4678, 南宫嘉骏
985227, 南风ZJN
1027039, 暖场小粽子
1019301, 宁林
1001005, 牛牛
4666, 聂禹
1057144, 嫩桃弟弟
1050258, Nayim.Nabi
4673, 嫩桃
1000103, 柠檬树
4667, 聂琳峰
1019357, Nacid
1039297, NEMY金属怪兽
1039572, 南山雨林
4660, 钮大可
4686, 南卓仁波切
4677, 宁峰
4665, 牛朝阳
1039882, Nellee
4669, 糯米
935138, 倪力
1040026, NO.59
1044122, 南味SOUTHFEEL
1039680, 南涩雨
1039848, Nano33号
4656, 牛建党
1058125, N2V
1043403, 南骧书戎
1041003, 泥丸
1053166, 南玛子呷
1074042, Noicybino
866037, 南味年糕
1079101, 南一
1046339, 南瓜饭
220970, NANCY
1050265, No.6
189831, Nencol 
1040204, 逆风而行
862131, 倪敏然
1041070, 乃日戈
4661, 倪敏然&倪嘉升
797362, 埖小迪
1043110, Nero NEX
1049159, Nathan Pelupessy
1124323, 男森RAP
1050045, 牛会龙
1181764, 宁新兵
4709, 女美爱我
1044082, 怒江雨
1193191, 尼块
1019003, Nic-BOOM
1057272, 安夕尔
1049185, 聂远
797346, 南宫家骏
1081733, Noise Happy
4664, 男子汉乐团
1039097, 農里
1040024, 念尔
4680, 倪青
1155077, 闹闹
4674, 倪皓
1132441, Nickking
4668, 南梓轩
776277, No Artificial Colours
1124300, 聂子轩
4659, Noiser luo
1062006, 南建雄
865005, 宁波
787058, 岑南溢
12467165, 喃常乔
12514278, 那吾克热LIL-EM
12463425, 宁英杰
12289278, 农永平
12457093, 尼玛旦周
12262074, 牛雨霖
12408261, 男众法师
12107162, 牛欢
12335177, 诺一
12098066, 南派三叔
12301229, NONO珺
12091030, 牛歌
12262693, 牛青畾
12086134, 聂鑫垚
12262225, NGC
12049170, Nurim Kuanix
12108665, 奶猴子
12042046, 牛骏峰
12091157, 楠梦
12006274, 纳春亮
1092005, 牛演通
11976158, 牛角
1044045, NAILON
1050110, D.D
4693, 欧得洋
4694, 欧阳靖
896460, 欧豪
4695, 欧翠峰
4700, 欧汉声
1087808, ONE_Official
4691, Okna Tsahan Zam
4705, 欧阳青
1124169, 欧阳屌宏
4692, Oscar
4698, 欧阳辉
4706, 欧育齐
4697, 欧阳浩瀚
189668, Open Mike Eagle
4719, 讴歌
1135222, ODYSSEY_
1057079, 昭和三色_
4712, Octave 20
4696, 欧阳德勋
4715, 欧阳尚尚
851769, 欧尔格力
1024100, 欧阳曹亮
4713, 欧昌彬
4720, Ones Day
1044086, Ops.7
1039334, OP.X
4714, 欧华成
1024400, OCULAR
1049806, 欧阳光
4704, 欧阳清风
12213242, 欧阳皖
12279524, 欧霖
12279033, 欧宇轩
11992096, 欧华
12067017, ODd
758364, OscillatorZ
1132265, Ordy
4708, 欧中建
4717, 欧元
12488167, OK绷
12279035, 欧阳基
12062259, 欧阳文宸
12049171, osman mamitimin
4707, 欧阳巽涛
4721, 朴树
4723, 潘玮柏
4726, Pianoboy
4755, 品冠
4725, 庞龙
4722, 彭坦
4752, 彭于晏
4724, 潘裕文
1024310, 帕尔哈提
4777, 平安
1041119, pahirdin 帕合热丁
839563, 坡上村
1050465, Panta.Q
4759, 彭钧
4728, 彭健新
4761, 平远
1178287, 派伟俊
1046460, 潘广益
867021, 瓶中怪
906049, Pancakelee
4776, PDP
5809, 潘晓峰
4732, 潘长江
4757, 庞晓宇
4731, 潘安邦
4733, 蒲巴甲
4730, 葡桃
1077048, 潘雨轩
1007088, 帕热哈提·苏来曼
1071062, ProgSoundMusic
1049684, 彭飞
4771, 彭柯
1132712, 橙汁studio
686007, 潘寅林
4756, Peter Lai
4786, 平川
1047180, 潘松和
4744, 彭修文
4729, 潘劲东
4749, 彭为
1075125, Peterovic
935112, 彭博
4780, 裴力
4734, 潘绍麟
854436, 庞锟
1044270, 彭三
4727, 潘协庆
4778, Posheric
975410, PIKLANS
1043454, Pipy He
797002, 潘高峰
4750, 飘张
4735, 彭伟华
4736, 普布次仁
860461, 漂流街乐队
4747, 佩姬
1039331, 潘主任
4765, 朴一泽
4763, 怕黑
5898, 彭家熙
4775, 彭远扬
1038385, 破鸿
4767, 彭亮
1150300, 彭伟
687067, Peder Af Ugglas
4764, 潘柯夫
4746, 彭永琛
827203, 彭俊淞
4737, 澎恰恰
1032020, Coler.A
1164009, 彭浩
1156023, 彭康亮
1039016, 潘鹏展 
1043334, prome ma
1014016, phsence
1077015, Phany
1078388, 彭勃
832021, 彭高平
1049609, 彭志强
1049209, 彭冠英
1081420, 彭锐
1124514, Penguin Wang
1137154, 彭小龙
4758, 蒲成龙
1049727, 盘大王
1050836, Pony Soore
1050276, 彭思桃
1039277, powerA
4748, 潘孝佳
1132019, P2Pover
4753, 庞洪铎
1039842, pkzl
4773, 潘信维
4738, 潘军
4784, 潘艺翔
841095, Patrick James
1066028, 彭彦川
1039184, 彭涛
1081067, 潘富顷
1040028, PREWANTINGMUSICIAN
4813, 齐秦
4833, 祁隆
4863, 齐晨
1047440, 秦昊
4793, 乔任梁
4711, 区瑞强
4873, 奇然
4837, 邱永传
4831, 乔洋
784257, Jony J
4811, 秦立巍
1047118, 秋裤大叔
168002, 权振东
4828, 晴天
4797, 齐峰
226363, 乔振宇
1071024, 前冲
1043222, 秋野
4851, 祺云法师
4815, 齐.宝力高
189453, 秦勇
4809, 齐旦布
1089215, 七手
991161, 裘繼戎子千
4829, 裘盛戎
1132976, 秋火林荫
4812, 七郎
1132748, 情缘思忆
4795, 秦永
896234, 奇志
1040025, 乔小龙
1039227, 陆本平
4806, 青山
1019302, 祈合
4796, 邱泽
189807, 祁哲西
1043141, 晴天狼
190030, 齐晨君
4824, 曲泉丞
1053113, 谦木
1087796, 齐浚羽
1043142, 齐会超
1120052, 秦玉杰
896581, 钱乐
4825, 秦俑
1043396, 千百顺
4802, 钱萌生
4840, 秋虹
894026, 祁汉
4827, 曲尔甲
4826, 奇哥
1044024, 丘与乐
4856, 秦靖红
1063018, 浅蓝
916042, 邱锋泽
4841, 乔珊
4807, 秦咏
4878, 曲国庆
4854, 乔嘉
1032228, 抢不到
1077018, 邱霖Big L
1124005, 秦天
900051, 乔军
4817, 邱清云
4861, 崎君
4816, 曲文军
4835, 强子
1057170, 邱琢然
1047241, 千草仙
4865, 齐萧
4794, 曲佑良
1039729, 谦er
222043, 卿锋
4699, 区均祥
4800, 岂珩
1039387, 七夏L
1064025, 琴售三
4710, 区新明
4810, 秦杨
1049029, 千锤百炼Gyseal
1137083, 全辉
1124276, 秦郎
4871, 钱飞
1087673, 乔晨
1097047, 曲木古火·秋风
4803, 清源
4832, 乔乐乐
4859, 秦文琛
1060097, 邱吉
1039565, 邱伟宏
1032407, 囚牛的方舟
4868, 芊郁纯杨启
1047132, 上墙的土豆
4804, 曲世聪
1049793, 齐国
1108146, Qzero
4823, 齐刚
4805, 邱暐议
4874, 邱启明
768057, 祁家琛
4895, 任贤齐
1038361, Seot
4883, 容中尔甲
4901, 饶天亮
4898, 阮经天
4902, 润土
4917, Ricky Ho
4882, 热西·才让旦
1036007, 任重
1015114, 任东
4908, 任震昊
4896, 戎祥
4905, 任同祥
1078327, rovinabc
4893, 任岩
4894, 饶宁新
1047272, 软木
1040160, 任阳
4881, 仁科
1156193, RHBE
4926, 任宇翔
4892, 日波益西仁波切
4922, 荣星宇
4900, 容一敏
4923, 任浩铭
1039206, 任衍锟
1063168, RYLIA
1027034, Xerls
4919, 任和
1019069, 任路加
4888, 阮兆祥
4920, 阮仕春
1039710, 任梦良
916051, 仁青宫宝
894015, 任鲁豫
4911, 任军太
1081483, Robot-boy
4924, 阮以伟
4884, Roger
4918, 刃ASURA
1039352, REVOLVER山猫
1132402, 任健
1192304, 瑞彦·迷嘉尔 MIKHAÉL
1132068, 魜
4890, 日京江羽人
187369, Random Soul
1081769, Thunse
1041055, 浅小寒同學
1058236, Runner
711587, 任承浩
4889, 任鹏
1039700, 融化的雪人
1081405, 为你我受冷风吹233
4891, 戎梵
1047133, 任勇勇
228246, RING
1116106, 任意门
1039437, Ricky Guo
4887, Ronez
4909, 任双江
862041, Replay乐队
975738, RichardTakano
1039883, 荣鑫
1040031, RRON
1135215, Ryan
1039505, 任仂
1132187, Rabbit-lcc
1039251, Roc Peezy
1078069, rapof15
1032315, 孙毅然
1066017, Rapki
1049521, 阮民安
1089070, 阮明杰
1049065, 任永恒
4921, 容兵
1030006, 任俊陶
1058126, RoseKhalifa
4927, 任升
905486, rap随缘
4899, 任传麟
1086016, 荣子yJan
1039708, 戎庆杰
1050831, Rico
1063080, Talkbox Roc Kit
1063199, 人彘
787004, 任语源
1108105, RSK13
1039253, Rapper歪弟
12409239, 日道法师
12448205, Ryan.B
12408083, Richard Faint
12279713, RK金承熙
12400115, 仁波
12263765, 任海旺
12389287, 阮思源
12262049, 任飞翔
12376051, RL瑰莲
12234069, 芮嘉言
12355767, 饶威
11992181, RK
5073, 宋冬野
5039, 石进
4941, 孙楠
5103, 孙子涵
4948, 苏永康
5047, 胜屿
4942, 沙宝亮
797087, smile_小千
43884, Senpai
4934, 苏阳
4947, 孙耀威
4938, 苏醒
861208, shohruhxon
5022, 孙伯纶
4937, 沈庆
5015, 宋捷
4936, 宋岳庭
4935, 爽子
1037013, 少恭
5084, 石头
4959, 誓言
5025, 孙浩
5087, SOCO真
693018, 宋小宝
190497, 萨满
4968, 孙国庆
4940, 苏有朋
4943, 三宝
896003, 沈震轩
5008, 沈懿
1081895, Shepqet
5134, 孙浩雨
5190, Saul
975679, 上官晓懿
1146106, 苏琛
4964, 索朗扎西
4946, 苏遇
1028151, 司徒嘉伟
4961, 史志有
2468, SoundzImage
1081368, 十年时间
4952, 石康钧
5062, 宋孟君
4976, 孙小宝
983048, Fye93
1124329, 苏勇
4951, 施文斌
5099, 杉籽伽
1044144, 三亩地
4955, 施文彬
5078, 石磊
4953, 沈文程
1039902, 沙洲
5065, 三郎王青
1039020, 孙诺涵
1057045, 宋小墨
5026, 司文
4974, 盛中国
818242, 帅霖
5127, 宋雨喆
5151, Sunbin
1047197, 山下直人
5155, 苏晴
4998, 沈洋
1192515, 盛一伦
5018, 孙辉
1015016, 石头 (五月天)
4962, 宋雪莱
855323, 桑泉
4970, 孙敬凡
5168, 撒贝宁
5082, 孙博
1039177, 三月芦苇
1040093, 沈波
1032107, 身斜影正
908196, 沈昊飞
1087766, 十三狼
1043295, Senders Chen
1132218, 宋赫伦
221439, 舒米恩
5101, 苏颂
4939, Sulumi
1073061, StarX
5115, 沈尔宁
5000, 三木科
4965, 舜文齐
5042, 孙自佑
5149, Sow Sorrow
806087, 司影东
5021, 宋秉洋
787035, 依兴驰
1047049, Yoken
5112, 孙异
768266, 李 老 板
1043432, 史峰陶笛工作室
4958, 孙协志
5121, 苏麦
5079, 孙川
5005, 师鹏
751132, 孙豆尔
5196, 陶喆
5205, 谭咏麟
5195, Tank
5197, 童安格
5199, 邰正宵
5200, 屠洪刚
5234, 佟大为
31286, The Shanghai Restoration Project
5207, 泰迪罗宾
5198, 腾格尔
5243, 谭盾
5206, 唐磊
5227, 唐禹哲
5203, 汤潮
5246, 田一龙
5208, 谭炎健
5232, 田家达
1038388, T.S.O 王利夫
1039419, Tolein
5311, 苟乃鹏
5231, 屠颖
969079, 唐思宇
1155005, Terry Zhong
962175, 谭旋
5257, 谭佑铭
1046418, TopManss
5250, 天津饭
908122, 覃桢
5277, 谭建建
5247, 汤子星
992023, 陶定哟哟
5248, 陶培力
5238, 佟铁鑫
2000, 塔斯肯
805086, TedJon
5274, 汤非
985262, 唐龙
5225, 谭宝硕
5336, 谭炜星
5285, The Lee's
1039199, 檀健次
900007, 汤旭东
861410, TooPhat
5251, 唐人踢
5273, 谭顺成
670008, 覃元隆
5201, 童孔
5284, 唐鹏
5211, 汤小康
1087265, Umvt
817017, 唐从圣
1193004, 唐伯虎
5260, 谭富英
5233, 谭炳文
826350, 唐鑫
787107, 陶峻汐
5213, 唐尼
187966, 田娃
5215, 谭耀文
5317, 唐建平
1150212, 提才哥
5210, 图利古尔
5323, 覃春江
1050530, Toby Davis
5252, 铁热沁夫
5204, 唐朝老五
1049879, 唐志星
1086078, Ty.
5270, 田宇哲
1043143, tadi
5276, 汤骏业
789121, TK
5209, 唐文龙
5239, 唐尧麟
5286, 童杰
896908, 覃洁
758202, 唐旭东
5229, 唐彪
283008, Too High
1019687, 谭小雨
1020117, 兔子和零
1049195, 天堂飘雪
5212, 庹宗华
1081365, Tron-Zeus
3608, 覃晔
5244, 田跃君
5220, 田华
5266, 唐健垣
1046320, Takx
203383, TORO
5224, Tae
1049766, 田振达
861730, 谭曦
1064008, 田校同
977050, 陶佳明
1043257, 汤祯钰
947040, 田连元
1043219, 田宇杨子
5216, 谈军
729002, 童丹
1081269, MRUO
1120093, UmuD Eziz
1040136, UNDERAQUE
1039046, Uncle Martin
1087332, Uncle Hu
237262, UP
1087008, Ulysses
1050281, 王瑞琦
1050140, 逆流Group
5342, V.K克
789949, VISUDY
1049083, VESK GREEN
1053284, Vous Records
817015, Vanhci
1040098, verahuuu
1044078, VISIN
978071, vinck
1050792, Var3D
1063151, VincentSax
1132526, 名词
1048033, VOICHAN
1040036, Volley
1039828, Vegetarian Lion
1051025, Vai
1060100, Neo Zhang
12279905, Vanilla
1050440, Veeos
12262889, Victim Mentality
12073647, Víctor Magan
11977081, Vacen奕忠
1050459, Vica_Scream
1192469, Vacance.ZEN
1045023, VeduYao
1039825, ven
12412082, Vittoria Hilz
12323154, VANITAS
12067038, Vonenzo Baschello
1135230, VICON
1106026, VAIOTME
1087294, V-3nt
776642, Valentina Villarroel
5346, 王力宏
5347, 汪峰
5358, 王杰
964108, 吴亦凡
5354, 伍佰
5538, 汪苏泷
5345, 万晓利
5349, 魏晨
5678, 五色石南叶
5350, 吴克群
5499, 王艺翔
5518, 王铮亮
5379, 韦礼安
5568, Winky诗
5357, 伍思凯
5360, 吴宗宪
818156, 王凯
5348, 王啸坤
999220, 王俊凯
5431, 王绎龙
1015042, 王继阳
966016, 吾恩
5546, 吴欣睿
896550, 王晓天
5352, 王梵瑞
5356, 吴奇隆
5761, 王小熊猫
5359, 巫启贤
5427, 王强
5365, 温兆伦
5529, 吴彤
956386, 王源
187229, 吴青峰
5438, 王建房
5550, 武艺
1023010, 魏小涵
794040, W.K.
5378, 王威
5506, 王崴
5362, 王俊雄
1015092, 王胜
5473, 吴秀波
5370, 王栎鑫
5382, 吴建豪
5418, 王宝强
5680, Walker
5551, 吴俊余
5425, 王祖蓝
5531, 王童语
1047178, 吴业坤
851015, 王喂马
5388, 翁立友
1039296, 王朝
1041154, WARISJAN ABDUREHIM
5682, 伍华
5397, 吴浩康
1057067, 王冲
5591, 王矜霖
5620, 王闻
1060108, 王华峰
5603, 王备
5399, 吴国敬
954145, 王更新
5387, 王洁实
5512, 汪正正
905477, 魏一宁
5622, 王弢
5408, 吴卓羲
5670, 汪东城
5446, 吴启华
5539, 瓦其依合
827615, 王博文
5595, 吴佳明
5442, 吴彤
3669, 王三溥
1047237, 五音Jw
1073042, 王进
5444, 王鹤铮
1043049, 宛萌泽
5464, 王志文
5600, 文章
203235, 王大文
5700, 乌达木
5549, 王睿
5593, 完玛三智
1072015, 王思远
5371, 王宏恩
5405, 伍国忠
5355, 吴宁越
792664, 王大痣
187872, 吴镇宇
5406, 王宏伟
5424, 韦雄
5626, 王志
5404, 王子鸣
5389, 王识贤
1039717, 吴承俊
1006034, 王泽瑞
1137325, 王青
5609, 王羽泽
5781, 薛之谦
5770, 许巍
5771, 许嵩
5768, 萧敬腾
5773, 谢霆锋
5997, 小曲儿
5787, 许志安
5944, 夏天Alex
5871, 许廷铿
5782, 许冠杰
5929, 徐良
5767, 谢天笑
5786, 徐誉滕
5793, 小沈阳
5963, 小皮
1132127, 萧忆情Alex
5951, 小贱
5774, 萧煌奇
5772, 小柯
5766, 小河
5769, 信
813196, 许镜清
5897, 谢天华
5888, 星弟
6040, 萧全
1047088, 小魂
5777, 谢和弦
847107, 谢帝
918031, 性人盒
5866, 小安
5779, 薛岳
5775, 熊天平
789541, 小义
1047348, 西瓜Kune
5776, 小宇
5904, 小植
1115075, 西瓜JUN
189307, 小右
166025, 邢天溯
5894, 徐鲤
1005028, 徐大乐
5998, Xun
5795, 熊汝霖
5798, 小肥
5924, 小5
5840, 徐子崴
5785, 谢军
1064054, 西山居游戏音乐
5849, 谢东
5788, 小虫
5937, 许诺
5817, 萧正楠
5801, 小曾
5790, 雪村
6055, 小臭臭
5778, 萧闳仁
1045018, 小欢
784472, 小人
1035021, 许一鸣
5780, 西皮士
5808, 肖飞
5986, 徐一鸣
5842, 薛伟
1029002, 薛小毅
5908, 薛汀哲
1046333, 小少焱
5967, 晓逍
5805, 许乐
5806, 许绍洋
5800, 徐清原
837328, 许鹤缤
6018, 小山
186010, 徐克
840106, 邢磊
5875, 邪恶少年EB
5994, 心定和尚
5995, 小猛
5810, 徐嘉良
5799, 薛忠铭
6039, 肖晨
791328, 熊熊作业
1102063, 谢昊轩
5819, 徐靖博
1018121, 潇梦临
5796, 徐小明
5794, 萧福德
5784, 夏韶声
5835, 小黑
981058, 小荣童鞋
5933, 秀才
1182013, 夏克立
5901, 徐沛东
6015, 小骆驼
1039534, 鲜远
5821, 徐浩
1087706, 谢小宇
1078079, 谢中杰
5891, 萧斌
5969, 欣哲
6026, 小军
6066, 杨宗纬
4903, 尧十三
6075, 庾澄庆
6290, 音频怪物
6070, 游鸿明
956206, 岳云鹏
6068, 杨坤
6090, 杨瑞代
813378, 约瑟翰庞麦郎
6076, 俞灏明
6091, 宇桐非
6071, 杨培安
6084, 杨嘉松
1078374, 伊丽莎白鼠
6067, 尹吾
6064, 袁惟仁
6079, 言承旭
939088, 易烊千玺
6288, 颜小健
6100, 余文乐
6211, 幼稚园杀手
1047065, 佑可猫
6107, 易欣
6098, 叶启田
6085, 阎维文
1079074, 余佳运
6094, 叶世荣
6145, 尹相杰
6097, 叶振棠
808050, 杨炅翰
6240, 于魁智
6065, 郁冬
1054173, 杨洋
976004, 牙牙乐
6116, 尤大淳
6083, 余宪忠
844123, 云飞
6108, 叶文辉
6234, 严爵
6274, 杨乐
6156, 杨洪基
6099, 雨天
6443, 印能法师
6242, Y Lam
6353, 杨海彪
1108137, 痒局长
824125, 尹熙水
6092, 亚东
6101, 袁耀发
6122, 阎学敏
991238, 严老板
6208, 炎亚纶
955267, 袁腾飞
6072, 永邦
1024313, 余枫
6349, 闫旭
6398, 杨浩龙
6200, 余果
1047051, 元首
1047223, 玉璇玑
1040173, 艺涛
1193189, 杨宝心
6120, 袁小迪
6087, 杨庆煌
6161, 应昌佑
947036, 易中天
1050457, YAMENI
6310, 渔圈
6077, 易桀齐
6299, 杨亮
6392, 雨宗林
1063217, 印良法师
6231, 姚政
905413, 于湉
6114, 阳一
1079032, 杨大林
6171, 郁钧剑
6078, 杨晨
6112, 殷承宗
6080, 俞思远
6333, Young Kin
6303, 姚可杰
787025, 杨栋梁
6096, 杨臣刚
6134, 俞逊发
6089, 尹光
6082, 杨明煌
6363, 袁成杰
6359, 亦勋
979076, 杨牧
6223, 袁野
6184, 杨斌
6220, 雨镈
942094, 杨朗朗
6069, 杨一
6185, 余润泽
6309, Young Mai
6111, 于冠华
1038053, 颜韵Ycy
6103, 虞洋
6452, 周杰伦
6460, 张学友
6731, 赵雷
6457, 张国荣
6462, 张敬轩
6472, 张杰
6652, 周传雄
6454, 张信哲
6469, 张宇
6479, 周柏豪
6729, 赵照
6473, 郑中基
6456, 周华健
6491, 郑伊健
166016, 张赫宣
6458, 郑钧
6453, 张震岳
6487, 张智霖
6474, 钟立风
6467, 左小祖咒
6891, 赵英俊
816103, 纣王老胡
6470, 郑源
6463, 赵传
6480, 张栋梁
6459, 张雨生
6464, 张卫健
6495, 钟镇涛
6461, 周云蓬
6483, 赵鹏
6455, 张楚
6492, 钟汉良
167016, 张玮
1047015, 张艺兴
1030001, 周深
1132738, 张磊
6476, 张智成
6681, 张翰
6488, 张过年
6494, 张镐哲
6725, 郑国锋
6498, 郑少秋
1038040, 赵紫骅
980025, 周兴哲
6670, 左宏元
954410, 周三
990177, 赵海洋
6512, 臧天朔
6478, 赵已然
6692, 钟明秋
975282, 郑恺
939083, 郑俊弘
1084119, 张晏铭
6482, 周治平
6774, 张羿凡
6468, 郑智化
6509, 赵季平
992001, 张阳阳
6497, 周国贤
6484, 周渝民
6676, 张津涤
171008, 朱梓骁
6481, 张洪量
6982, 祝贺
6756, 张智
794076, 张宇桦
6475, 张亚东
6918, 张艺德
6485, 赵牧阳
6730, 周汤豪
886187, 张恒远
6501, 张明敏
6696, 周子雷
190340, 周觅
6827, 赵真
6520, 张振宇
6976, 赵本山
1023288, 郑子威
1043044, 中国放碟者
961075, 赵泳鑫
952073, 赵烁
6513, 张继聪
6661, 周志华
10704, 赵鑫
1193388, 张本煜
6719, 周晓鸥
1018074, 张尧
6854, 郑东
6500, 张克帆
864025, 张亮
759479, 周磊
6874, 张震
6695, 周思贤
818207, 钟定一
6734, 朱铭捷
6617, 张伟进
6496, 张广天
860958, 子曰秋野
1088047, 张若昀
6502, 张真
4950, 山野
818573, 3ASiC
1089204,  威仔
1158147, 卖血哥
1142042, 徐梦圆
790044, 小峰峰
1159133, Mc深七
790102, 群可
1152002, DJDavis.X
2492, 常定晨
1143074, YT_Official
1158209, 王柏鸿
839984, 42
1145009, 颜森男
1185097, 部落说唱
1139022, SFat
1158096, adil mijit
7057, 14?
1160009, 吃素的狮子
1158097, RiFat
1138028, 饭碗的彼岸
1139030, DJ Tea
1138004, 晓月老板
1081136, 鄢磊
1140029, 陈进
977173, 3Bangz
1038210,  苏竑嶂 
790087, 成云刚
130149, 69
1160146, DilmuratAblikim
6602, 张铠麟
1049895, 1993的地铁
790099, 孙明
790114, 魏俫
962332, DJ Morning
1158119, Leo1Bee
1196021, Ezimet Kurban AzmatKurban 艾孜买提.库尔班
1047093, 永安二胡
1027044, LuckyZhang
236538, 崔文斗
1158038, DjsmallYu
1049085,  王洪迪
1050480, 5_Chillz
1160101, 大杰克
1183027, Dilxat
790068, 花花和它的朋友们
1160141, DJ Mr Steven
1183043, 坠；一
790045, 韦琪
1195043, 热依木江
1160132, Mawlanjan Muhtar
1160100, 王然
964085, Lanx
1196022, 周疯狂
1183100, DJMaksJ
790032, 地铁兄弟
1150238,  圆光 
1039540, 23MITD/23MINUTES INTO THE DREAM
790024, 李婧艳
1196019, 李伟
790009, 刘尊
1184041, 章沐
1183025, 童瑤
5851, 湘海
790014, 徐宾
827237, 醉梦千城
790101, 杜元竣
1185048, 行文泽
1151005, Kvetch
1158100, 留声玩具
1139025, 輪迴
1160145, PopDan
1140006, 涛爸
1138008, 天儿
1183065, HavocTang
1158066, Worezh
1151001, 未来星
1183051, 阿礼
1140016, 蔡伯阳
1184066, 贺铭洋
791541, 梁存
790131, 天权
1142068, 刘天义
1158025, FOLDin
1160065, Alim-Ablat
789676, 魏徕
1145015, 皮润基
1184061, 张贺
1159129, 金大中
1185027, 跳蝻P
1081558, SKYARY
1160235, swiss126
1194002, Jethroz
790089, 江湖
1183070, 曹禛一
1158023, 黄苍
1194064, 无脚鸟-刘奇
813163, 万建国
1159008, TANG唐
1081069, 91风之冽
7063, A-Lin
7122, 阿肆
7061, 阿桑
7076, 阿兰
7100, 阿悄
7067, 安又琪
768208, AGA
7138, 安九
167006, 艾怡良
7095, 阿鲁阿卓
7097, Angelababy
7070, 爱戴
7062, aniDa
7066, 艾敬
7120, 安琴
7064, 阿雅
7083, 阿轮
7074, 安琪
7060, 安以轩
1047035, 安蕾尔
7065, 阿朵
1083080, AlmiraAlim
7085, 艾雨
7117, 艾歌
7105, 安心亚
7080, 阿佳
7115, 阿斯满
7103, 阿筎那
992027, Anna Liu
1047213, Asat
784444, 艾菲
7068, 阿果
7102, 阿贝
1073068, 阿木宇梅
7077, 阿幼朵
7113, 艾迪
7093, 阿木乃
1032400, 安娜
7110, 艾莉莎
1049681, 阿细
7073, 艾心
7078, 艾梦萌
7069, 阿丽玛
7116, 艾丽雅
1028203, 阿喜林育品
7098, Angelita Li
7101, 阿莲
7118, 阿斯根
7089, 阿雯
7142, 阿Vane
7079, 鞍安
1053195, 阿栀
7096, 爱慧娜
1101117, ASUKA
1124458, 奥云格日乐
7071, 艾青
1045026, 阿伊米拉
7081, 艾俐
1135214, 阿索
7072, 阿紫
7091, Anne
7075, 艾晴晴
7108, 阿美
905823, 安晨妤
1181342, Arpyem
1161085, 安奕绫
1080121, 安歌
7112, 阿娜丹
7099, Astor Fong
1031037, 安俐娜
7084, 艾可
1132769, 阿茹
189913, 安然
7082, Amy Mastura
1015413, 黄安安
1049854, 阿独adu
7153, 安沁儿
941016, 阿岚
7156, AGG
1156027, 安瑞甜
7119, Ashia
985413, ACE
1032263, 安生May
7133, 艾绮恩
1040179, 阿米娜
1081785, 安欣
840045, 艾可儿
1181145, 艾妮
1049423, 艾尔西
1046472, 安雪希
12492267, 安琪拉
12488056, Arie
12249079, Anne
12467116, 艾丽娅琪琪格
12107139, 爱啾
12458080, Anna庄启馨
12074159, 安金莉娅
12457016, 安悦溪
12035019, 阿紫
12320212, aoi@香菇她妈
961358, 不才
7200, 本兮
1047427, 白百何
7162, 本多RuRu
979080, 拜尔娜
996332, 白云
7191, 白冰
7189, 白若溪
7181, 冰淇
886208, 毕夏
7192, 白安
7166, 柏安妮
7171, 贝贝
7157, 巴奈
7169, 比莉
1054137, 边巴德吉
7160, 白光
7159, 白雪
7144, 白婧
7201, 白晓
1174030, BING
7165, 碧娜
7175, 巴哈尔古丽
7167, 巴桑
7195, 冰弦
7202, 白雪
7184, 巴雅尔其其格
7170, 包娜娜
7174, 白虹
7158, 包美圣
7178, 白冰冰
896733, 碧瑶
1078051, 博嫣在旅行
7194, 鲍蕙荞
927026, 白雅彤
1156174, Bella.芋头
7161, 鲍翠薇
7163, 宝罗
7209, 白茔
7172, 柏文
1063116, 包萨仁高娃
7207, 巴姆
797151, 巴桑拉姆 
7185, 蓓丽
7180, 鲍正芳
7164, 巴度
1032198, Babara
7193, 白杨
7188, 白晶
7204, 白尔
976210, 白桦树娃娃
7186, 宝玲
791410, 布布
1132806, 白文文
912032, 半夏
840086, 包晓云
7187, 斑斑
1097160, 半刃初蓝
157651, 蓓蕾
7176, 宝佩如
1046066, 卜小可
894035, britneylee小暖
1041114, 白尔雅
1137310, 布格
1050506, 包日格丽娜 
1047331, 白芳菲
1015579, Bigperry
1046487, bq就是BQ
1033010, 千幻入梦
1147031, 白雪
7168, 白紫
7199, 白嘉莉
7205, 班嘉佳
7203, 白雪
12475237, 白亦琳
12505059, 本原
12108217, 白云心
12335267, 卜卜
12046921, 柏梅
12209035, 百灵
12033053, 白萍
1115143, 白居颖
7177, 鲍晋书
7183, 博乙吉悍.阿茹汗
12385104, 柏雪
12411050, 白云
12347292, 北北
12290226, 邦妮
12274048, 白雪
12279286, 白玲
12250204, 包晗言
12234082, 白琼
12213276, 柏皎
12176238, Bella
12175024, 白雪莉
12108234, 白金
12121276, 白樱
12107182, 卜星慧
12073384, 毕兰婷
12062106, 白荷
7214, 蔡健雅
1007170, 陈粒
7219, 蔡依林
7217, 陈绮贞
7439, 陈洁仪
7225, 陈慧娴
7215, 曹方
7220, 蔡琴
973004, 程璧
7235, 陈慧琳
7216, 陈珊妮
7221, 蔡淳佳
7227, 蔡卓妍
189347, CRITTY
7228, 陈瑞
7266, 陈苑淇
1003026, 茶理理
10763, 曾沛慈
7226, 陈悦
7233, 陈明
7224, 陈淑桦
7481, 崔子格
7424, 程响
7486, 陈僖仪
7234, 陈琳
8321, 陈芳语
7259, 陈思思
1156400, 陈诗欣
7267, 陈予新
1079020, 凑诗
1137098, 陈一发儿
7461, 陈力
7262, 陈慧珊
7524, 陈妍希
7409, 岑宁儿
7242, 常静
7286, 车婉婉
791100, 陈姿彤
7244, 陈洁丽
7249, 曹雪
7647, 陈嘉桦
7281, 成方圆
10812, 曾檐
7346, 陈小云
7236, 陈明真
7237, 蔡幸娟
7521, 陈凯彤
7357, 陈依婷
1049131, 陈意涵
7379, 常艾非
7258, 曹颖
7399, 陈娟儿
52909, Choying Drolma
7419, 崔天琪
1164045, 曾咏欣
7388, 春晓
7263, 陈秋霞
7371, 曹芙嘉
961074, 陈惠婷
7308, 陈红
7300, 陈敏
7218, Corrinne May
7273, 陈诗慧
7422, 陈法拉
7248, 蔡秋凤
10905, 曾静玟
7238, 程琳
7257, 陈果
7288, 陈思安
7240, 陈倩倩
7284, 陈影
1146112, 曾婕Joey.Z
7298, 陈晓琪
7382, 陈蓉晖
1004008, 陈嬛
7232, 陈松伶
7246, 常安
7223, 陈小霞
7302, 陈诗莉
7402, 次仁央宗
7280, 陈盈洁
1141009, 岑日珈
1042003, 陈慧敏
942010, 崔琰
7304, 陈美凤
7372, 程诗迦
1019250, 陈奕霏
7440, 陈兴瑜
7311, 崔君芝
7432, 常思思
7255, 陈艾湄
7261, 陈妃平
1047276, CK沉珂
7306, 储兰兰
7245, 蔡诗芸
7269, 才旦卓玛
7291, 陈文媛
10842, 曾黎
1047211, 曾小Cee
7275, 崔岩光
7570, 邓丽君
7535, 戴佩妮
7537, 邓丽欣
7591, 杜雯媞
7541, 董贞
7534, 丁当
181007, 窦靖童
7538, 戴爱玲
7600, 邓福如
7539, 黛青塔娜
7536, 丁薇
1038330, DJ小星星
7548, 邓颖芝
7544, 董文华
166033, 丁丁
166035, 带泪的鱼
7542, 戴娆
9727, 呆宝静
7620, 段丽阳
1038231, Doris小武
7540, 德德玛
8093, 东方红艳
7580, 段银莹
7558, 董燕妮
985006, 豆子糖
7545, 段玫梅
1097019, 东方依依
10711, 邓瑞霞
1039917, DJ曾经
7551, 迪里拜尔
168016, 大山
7553, 戴辛尉
7547, 邓妙华
816410, 代梓琪 
7557, 丁菲飞
7592, 邓涛
7593, 邓小巧
1116330, 毒药
7549, 杜丽莎
7626, 豆豆
7585, 德乾旺姆
7552, 董沁
7590, 丁爽
7543, 丁文琪
7612, 段林希
894072, 董晓禾
7599, 杜梦
7556, 戴梓伊
7546, 杜岩
7587, 邓玉华
7611, 丁娜
9414, 单秀荣
7619, 丁酉酉
1046217, 大包子Dabozz
1049339, 东方栀子
7630, 董洁
1004085, 大若
7597, 邓芷茵
7596, 董育君
7631, 丹巴旺姆
704012, 叮当
7550, 戴梦梦
9376, 单雯
7589, 丁红
7588, Dawn Fung
7615, 代慧颖
1096026, _妾身_情款款
7614, 代悦
7572, 邓紫衣
7605, 董璇
7584, 戴梅君
7640, 代雯奇
9404, 单仰萍
7582, 嘟嘟
999451, DJ Soviet
7576, 达坡玛吉
7565, 刀妹
7595, 丁晓红
1094188, 戴星宇
7594, 戴晓莲
7606, Dechen Shak-Dagsay
7571, 大灿
7563, 杜雯惠
682001, 丹吉卓玛
7608, 豆豆
7579, 段品章
741116, 邓雯心
7598, 邓容
7628, 段红
7559, 丁小芹
7564, 戴玲
7604, 邓婉玲
1081796, 董雪婷
797130, 单丹
854283, 董圆圆
9354, 单伟平
976291, 代茜
7573, 单待
854300, 刁丽
7560, 大芭
9962, elephant DEE
7650, Evalia
1132666, EYLICS
790026, Evin.柒
7645, 鄂尔佳明
1043193, 贰鱼
1041100, 二直
7646, 尔玛依娜
1180043, 尔玛阿依
1102228, 二米
7649, EKEE
12087154, Elle Qu
942001, 贰哲
12046954, Erika
7652, 范玮琪
7662, 范晓萱
7651, 冯曦妤
7657, 傅佩嘉
7667, 凤飞飞
7713, 樊竹青
7730, 绯村柯北
797269, 方糖泡泡
7665, 付娜
7653, 傅颖
7680, 樊桐舟
7668, 方皓玟
7655, 范冰冰
7654, 方季韦
7705, 付梦妮
7658, 范文芳
7666, 符琼音
1047048, 范小蛙
7675, 方芳
7709, 范琳琳
7738, Finale
7728, 冯圣雅
1021341, FiFi Rong
7660, 冯玮君
7656, 法蓝
1005038, 樊玲
7712, 范蓁蓁
7720, 傅锦华
1043310, 千界
7718, 方琼
7664, 方文琳
7702, 范世琪
7722, 范怡文
1086003, 腹话
7732, 方心美
7704, 冯博娟
7670, 范上娥
7663, 风中采莲
7752, Febmor
7685, 方瑞娥
7672, 方丽盈
7682, 方怡萍
1047430, 枫影儿
854750, 方雪雯
7725, 冯欣蕊
7749, 方亚芬
7707, 冯健雪
7674, 方子颖
7669, 方丽仪
992005, 范安婷
7739, 方初善
7671, 方维珍
7733, 范海荣
7661, 冯颖琪
7698, 浮瑶
7679, 菲比
1150307, Fran
7681, 方晓青
7691, 方伊琪
7726, 费坚蓉
771019, 傅滢滢
7659, 傅薇
7688, 范媛媛
7706, 冯雪
7676, 凤娘
991217, fran
7684, 费星
158392, 方静音
7741, 方圆
138672, 方逸华
7717, 芳子
961182, 方少珊
7745, 芙蓉姐姐
7699, 冯珊珊
7715, 方鹂鹂
7758, 方艾琳
7678, 范萱蔚
7744, Febe
1074106, 方琼妮
1137114, Fergie飞机
7696, 傅天颖
7673, 付佳明
223700, 冯丽媛
1132538, 方晴
1060039, 方潇文
7736, 范潇匀
7701, 付丽
1026124, fifi
1050159, 芳蓉
7711, 傅健颖
1124367, 绯儿
7708, 付辽源
1033011, 福朵朵与拾荒乐队
7693, 冯宝宝
1080031, 范小倩
7683, 方珈悠
1035025, 付曼
1132167, KuRy颜酱
7748, 方小菲
1132405, 方圆
7763, G.E.M.邓紫棋
7760, 郭静
7762, 郭采洁
7777, 高胜美
7767, 关心妍
7768, 关淑怡
816358, 高姗
7771, 龚玥
820308, 桂雨濛
7864, 关诗敏
7780, 官恩娜
7785, 龚琳娜
7779, 高慧君
7837, 龚芝怡
908167, 格子兮
986035, 葛雨晴
7834, 格格
8320, 葛仲珊
7378, 郭燕
7783, 郭美美
7773, 关菊英
7845, 郭玲
7789, 顾莉雅
7782, 古璇
7807, 甘萍
7824, 郭书瑶
7764, 关牧村
7781, 郭兰英
7772, 郭易
1150075, 关晓彤
7861, 郭欢
7843, 谷建芬
7765, 龚诗嘉
7847, 瓜尔加
7793, 甘雅丹
7839, 关颖
7821, 桂纶镁
7866, 龚淑均
7877, 弓秀丽
7799, 关之琳
7874, 贯诗钦
156377, 葛兰
7801, 谷祖琳
1064018, 孤竹翊
7858, 龚秋霞
7836, 歌者森
7906, 郭慧敏
7774, 龚柯允
7795, 郭乔伊
7857, 甘甜
166028, 古筝
7778, 古依
7796, 葛洛力
7883, 龚隐雷
840814, 龚玥菲
946007, 高宇婧
7126, 高维那
854289, 耿巧云
7835, 格桑达娃
7863, 郭家芳
7776, 关燕仪
854292, 管波
7822, 贡维特
7775, 高以爱
1054157, 尕尔迪
7852, 关燕萍
7870, 巩俐
7810, 顾媚
1049250, 郭妮
7791, 郭美孜
686027, 干露露
805264, 管磬
7812, 官灵芝
7790, 巩新亮
792131, 鬼月
7876, 高晨薇
7816, 郭媛媛
7814, 郭淑珍
7803, 高榕
7833, Gloria Tang
7823, 高菲
858378, 郭一橙
7797, 关悦
7784, 郭嘉璐
7787, 高娅媛
7838, 甘薇
1102045, 郭晓晓
7867, 郭敏清
1047177, 郭津彤
7819, 葛瑞莲
7087, 盖然
1047143, 顾瞳瞳
167005, 歌莉雅
7786, 郭晓薇
1050164, 歌手王可儿
7831, 甘素玫
7850, 格杨
228127, 高晶
7802, 高茜
7860, 高樱
8103, 花粥
7898, HITA
7890, 黄龄
7896, 黄小琥
7891, 韩红
7907, 何洁
7912, 韩宝仪
7916, 胡蓓蔚
8022, 何曼婷
7920, 何璐
7894, 韩雪
7901, 黄雅莉
7897, 黄淑惠
7893, 黄韵玲
7903, 黄莺莺
7946, 黄绮珊
7931, 胡杏儿
7995, 郝蕾
7892, 何真真
7925, 胡琳
7895, 侯湘婷
7922, 黄江琴
7887, 何欣穗
7888, 黄小桢
964292, 黄婧
7921, 何如惠
8006, 黄英
7944, 胡雯
7904, 黄湘怡
905199, 黄玉芹
1026069, 花僮
7935, 黄伊汶
976095, 黄玠玮 Zooey Wonder
7905, 韩晶
7919, 黄琬婷
8107, 黄美珍
805488, 胡莎莎
7914, 黄乙玲
7900, 黄慧音
7965, 黄奕
7982, 何静
7915, 黄雅诗
849066, 蛤小蟆
8009, 黄灿
7902, 哈琳
1021056, 胡杨林
861226, 黄晶
7934, 黄圣依
8083, 红月
8011, 黄婉婷
7993, 海楠
7964, 杭天琪
7923, 黄思婷
7924, 黄宝欣
7932, 何婉盈
7910, 何耀珊
8112, 胡丹丹
7958, 胡灵
8039, 哈辉
8015, 何莹
7998, 杭娇
8115, 哈布尔
7950, 黄馨
7929, 黄嘉千
7908, 何以奇
8017, 胡芳芳
7911, 黄妃
7959, 胡静
8090, 韩芳
7899, 韩真真
7918, 黄红英
8029, 洪辰
7953, 胡倩倩
1047301, 红料
8055, 韩小薰
7999, 黄爱玲
7972, 衡越
8086, 何艺纱
1015463, 胡艾彤
7917, 何嘉丽
8044, 何雁诗
8012, 黄晓君
8132, 何树凤
7936, 何伶
8036, 胡文婧
7128, 黄佳佳
8014, 何禹萱
8114, 黄毓千
7913, 何超与海胆仔
8062, 灰色
1045082, AHeeWang
7997, 胡晓晴
8046, 哈布日其其格
1043053, 何璟昕
7937, 杭宏
896826, 红蔷薇
8057, 韩再芬
1048023, 花世
7996, 黄静雅
8020, 黄露仪
1047209, IRiS七叶
12263155, Iris安
1080043, Aribex
893259, 金玟岐
8259, 金莎
8332, 降央卓玛
8151, 金海心
8147, 江美琪
1071031, Jam
166018, 吉克隽逸
8162, 金池
8153, 江语晨
8220, 江映蓉
905705, 剪影姐
8229, JW
8146, 姜昕
8163, 江蕙
8170, 江珊
8159, 蒋雅文
8157, 江若琳
8243, 金铭
7143, 蒋姗倍
690001, 家家
8177, 纪丹迪
8242, 蒋小涵
8165, 金素梅
952093, 贾玲
8152, 贾立怡
1015649, J.Arie
8156, 江淑娜
8155, 江一燕
9154, 瞿颖
10000, 解昕怡
8281, 金南玲
8149, 伽菲珈而
8245, 金娃娃
8176, 纪如璟
10107, 解伟苓
1108099, Julia Wu
8238, 蒋婷
8160, 江希文
8158, 姜小青
10247, 敬善媛
8205, 蒋倩
8164, 蒋丽萍
8234, 蒋雪儿
8171, 金瑞瑶
8201, 蒋嘉莹
1097156, JUDE
8256, 涓子
8266, 江惠仪
8166, 金佩姗
905313, Jeanie
1050171, 简里里
8192, 吉娜
8214, 金美熙
8161, 姜苏
8289, 金伶
1047384, 纪川久
8224, 姜宇清
8168, 江念庭
8174, 江玲
1047069, 金琳
8216, 晶灵
8150, 纪晓君
8208, 鞠秀芳
1066136, JUSF周存
8223, 金曼
8210, 景甜
8186, 甲子慧
804423, 姜克美
10161, 解瑄
1039386, Jenny伊
8183, 姜婷婷
8207, 静婷
8280, 佳玥
8249, 佳佳
8255, 金永玲
8173, 季艾莉
8251, 纪文惠
8262, 简雅姗
8274, 贾静雯
8277, Jaco
8218, 金玲
8250, 蒋薇
8154, 季欣霈
1047362, 九渊
1049398, 姜帆
8228, 金巧巧
8200, 金梅
8182, Jing
8195, 江美丽
8305, 九九
8257, 江蕾
1047261, 江子修
8231, 金迈
8235, 金梅子
8203, 金善姬
1047086, 剪影姐
8196, 嘉琳
985322, 贾婷婷
1047338, 吉特巴
8288, 姜建华
8304, 邝美云
8291, 侃侃
189833, 可歆
8298, 柯以敏
8301, 可晴
1047179, 括号君
844760, Karey天天
8316, K娃
8312, 孔莹
1044148, 孔宪孜 Kylee
934062, 可心
8296, 柯以柔
1043475, 柯泯薰
8303, 可佳
8315, 可儿
8294, 柯佩磊
1096076, 可泽
8300, 苦菜花
8292, 康净淳
1094112, SukkiTu
7502, Kylie Choy
8295, 可岚
8293, 邝文珣
8311, 柯庭燕
1124319, 科尔薇
8297, 孔兰薰
8308, kayi大头佳
868132, KeyKi
983015, Katia Labeque
1001007, 康澍
8299, 况明洁
791147, 可艺
1120016, K娜
1085090, 苦荞儿
831546, 柯佳青
8322, 孔子雯
1039758, 孔令晴
12506161, 柯梦婷
12332282, Kara
12302273, 匡桐菲
12036070, 可可
12251197, KAMA
1131002, KOHANE
12203273, 昆玉
1040022, kenny兮儿
12151021, 孔媛
837334, 凯蒂·莉莎
12098015, 寇丹
8318, 柯美利
12095163, 恺乐
8306, 孔令怡
1156187, 孔兰兰
8290, 卡洛儿
789431, 康苗
12440064, 柯秋雅
12363016, 卡普普
12218192, 客家妹子燕琴
12136040, 可儿
12036024, 卡丽妲
1087696, 可可薇娜
961104, Katarina Garcia
840134, 刘瑞琦
784453, 刘思涵
8325, 梁静茹
8336, 林忆莲
906118, 洛天依
8327, 李宇春
8326, 刘若英
8334, 刘惜君
8329, 梁咏琪
8330, 卢巧音
704004, 刘涛
8753, 李佳薇
8677, 梁心颐
8614, 李霄云
8331, 李玟
8763, 丽江小倩
918054, 刘珂矣
8353, 李翊君
8434, 雷婷
8665, 连诗雅
8711, 龙梅子
8725, 林欣彤
8328, 蓝又时
8323, 雷光夏
8338, 刘亦菲
1102240, 乐正绫
8337, 梁文音
1047282, 泠鸢yousa
8350, 林凡
8324, 李慧珍
8335, 林依晨
8635, 林志玲
8687, 林二汶
8378, 李玲玉
8377, 李雅微
8358, 黎瑞恩
8355, 李娜
8402, 刘嘉玲
8404, 刘佳
8374, 刘紫玲
188337, 李潇潇
8362, 林心如
8391, 刘小慧
8610, 林霞
8385, 李蕙敏
8648, 刘忻
961054, 冷碗碗
8356, 林青霞
8364, 龙飘飘
8873, 刘丹萌
8653, 李幸倪
840867, 铃凯
837653, 李柏凝
8341, 刘力扬
8739, 流月
8583, 梁一贞
8672, 刘子菲
8381, 李小璐
8333, 林晓培
10184, 林子琪
8368, 路嘉欣
8345, 李丽芬
8379, 刘晓
8343, 李欣芸
8400, 梁洛施
8715, 梁佑嘉
8366, 林志美
8386, 黎姿
8407, 林淑容
8413, 厉娜
8344, 刘沁
8512, 卢凯彤
8375, 罗忆诗
8449, 林玉英
784452, 林采欣
8431, 李爱绮
8728, 李维
8437, 龙千玉
8387, 李依娃
8416, 李殊
8430, 刘虹嬅
7828, 蓝沁
8452, 吕研熙
8678, 李悦君Ericaceae
8372, 吕秀龄
8515, 李傲梅
1131016, 六六
8550, 林翠萍
8704, 蓝琪儿
8339, 林嘉欣
8363, 蓝心湄
8851, 刘美麟
8474, 林萍
8408, 李冰冰
8370, 刘雅丽
816090, 李秋雯
8467, 赖雅妍
8384, 林姗姗
8621, 柳岩
8461, 刘蔓
8926, 莫文蔚
8918, 梅艳芳
8921, 毛阿敏
8922, 孟庭苇
9027, 马丽
8992, 末小皮
8993, 门丽
1048043, 梦洛伊
8979, 麦家瑜
9031, 梦璟SAYA
8916, 莫艳琳
1081251, 「么凹」
8953, 沐尔
9026, 冥月
8997, 慕容晓晓
8920, 马郁
8931, 孟楠
8919, mickey
1124291, 莫倪moni
8925, 米线
9039, 梦然
8934, 曼里
1007158, 毛泽少
8999, 孟蕾
8928, 闵惠芬
1063107, Midaho
8987, 马小郡
8930, 玛莉亚
1032409, 梦寒
9019, 莫小娘
8940, 马小倩
8944, 缪晓铮
893592, 莫龙丹
1044216, 莫露露
1039536, Memo
8943, 马晓晖
8927, 麦洁文
8935, 莫尔根
8923, 玫子
8982, 马吟吟
8947, 马蕊
9030, 莫熙儿
8983, 妙子
8917, 马格
796006, 马靓辳
8976, 缪莹
9041, Miss D.D
8961, 马玉涛
8966, 梦鸽
9028, 莫君倾
1026033, 马向华
9001, 麦琪夏禾
1040053, Mc苏诺
735044, 马剑芬
9038, 孟杨
1043366, 缦珠莎桦
8994, 嫚孋
1023289, Musit
9018, 麦穗
8995, 明玥
1040076, 咪袄
8942, 孟晓旭
9016, Moe刘玥
8932, 迷子
1053041, Monica不不
1039860, 沐雪晴
8939, 梦喃
8985, 马兰
8965, 梦雨
8998, 马睿菈
975273, 毛俊杰
1047235, 孟萌
8933, 慕容萱
9023, 米库喵
230484, 马琳
7149, 莫小滢
8974, MiuMiu
8955, 马嘉轩
1098105, 木琪
1049862, 孟十朵
8945, 毛苏
1050400, 林伊婕
8924, 马宜中
8946, 毛珂
8938, 马萃如
8969, 梅楣
9011, 茅威涛
1081425, 慕小迟Mico
9021, 孟小冬
8954, 孟茜
1081646, 么么
8960, 眉佳
9046, 孟根
894032, 蒙曼
1032027, 米米
1137414, 莫海婧
8963, 美黛
8964, 麦玮婷
896185, 麻辣女生
8971, Mida
9061, 那英
9066, 南妮
9081, 宁静
9068, 娜仁齐齐格
1032272, 鸟爷ToriSama
9070, 倪纯
9055, 倪睿思
9069, 钮榕
9082, 娜日
9067, 诺尔曼
1087531, 納蘭落雪
784350, Nona_Q
1087795, 聂诗
9074, 倪尔萍
9062, 倪雅丰
9083, 纳兰
9064, 聂琳
1039210, 南玎NAFISA
9079, Nicoco
1147055, 娜宝儿
9053, 聂枫
9049, 倪敏芝
9056, Nana
1049194, Nicole
9059, 娜布其
1077037, ambernini
9052, 哪吒在此
955224, NJ小麦
1049438, 念蓁
1094028, 那广子
1124504, 郭沛茹
1046146, Nangolie
9080, 倪珈
1083021, Nara
1182163, 诺诗
9054, 倪虹洁
9086, 倪微晨
1053098, 聂伊菲
1085005, 牛奶
1032259, 牛帛媛
9060, 宁零
1091011, NIKO
9076, 奈儿
9063, 那娜
12488072, 倪子越
12506851, 楠歌
12311552, 纳格雨轩
12270719, Namei 娜美
12213116, 娜丫头
12175311, 牛欣妍
12121304, 倪梓悠
12151023, 妮妮荩苒
12053536, 聂小雪
12132071, 南表妹
12468325, 聂楚桐
12090135, 诺言
12274237, 牛晓迪
12090083, 牛牛
12263033, 纳兰珠儿
12073095, 娜木拉
12141065, 倪尔萍
12036067, 楠楠
12121317, 娜样子
12334194, 霓娜
12036065, 南湘
12121194, 牛雪梅
11977057, 妮蔓 
12073182, 牛奶白
687013, 聂薇
12036014, 诺诺
9085, 宁可
12034054, 妮妮
9065, New York Jazz Quartet
1058038, 小年姐儿
9094, Olivia Ong
1087140, 欧阳娜娜
9103, 欧阳菲菲
9100, 欧阳雪
9087, 欧倩怡
9093, Odding
9097, 欧阳玲玲
9092, Orulico
1066075, 黄秋颖
1047438, 欧阳夏丹
9096, 欧阳铭芮
977048, only胡迪
1135203, Oioselen!
9099, 欧阳明琪
1191108, 欧欧
12301023, 欧阳朵
12074609, 欧阳英姿
12230015, 欧阳莎莎
12121134, OUR
12053011, 欧姐
1193422, OwlMan
1050255, OnPound
991051, 欧皓汐
9102, 彭佳慧
9106, 彭羚
9108, 彭丽媛
9126, 潘辰
9104, 潘美辰
9109, 潘越云
9114, 潘虹樾
9105, 彭芳
9112, 彭家丽
9128, 彭丽丽
9132, 彭青
9107, 潘嘉丽
1088115, Padalecki小明
9113, 彭清
9143, 破音
9101, 彭靖惠
962431, 彭野
9118, 潘军
9136, PADA
9111, 潘迪华
9129, 潘秀琼
9147, 浦琦璋
9135, 潘玮仪
9140, 裴紫绮
9123, 潘丽莉
1043485, 彭筝
1019016, 潘小芬
9110, 潘阳
9149, 潘娥青
9146, 潘莎
787055, 彭雪
9117, 彭莉
9131, 彭雨菲
1064046, 潘怡慈
1120031, 泡沫
691004, 彭雅萍
232483, 潘清华
9121, 彭海桐
1047379, 潘倩倩
9127, 彭超
1046143, Proud Queen
9120, 潘仪君
743254, 裴育
9124, 品月
9133, 彭恋斯
9151, 佩希
1039564, 飘雨了
9116, 潘丽丽
9115, 彭春霞
1032187, 蒲紫薇
1039568, 彭彭
9119, 潘儿
9150, 庞静
9122, 盘琴
9137, 潘千芊
9130, 彭家儿
12492229, 泡面
12475442, 平婷
12213293, 潘伊琳
12262790, 潘倩
12073609, 浦洁
12176086, 潘紫萱
11984029, 潘映竹
12132190, PINAR
1189081, 盘欣蕾
12131166, 飘飘
1046125, 潘仁慧
996090, 裴妍雅
12523504, 潘昱旋
936026, 彭丰
12468152, 彭天琪
12408235, 潘羽霏
12263888, 朴惠子
12330043, 潘晓琦
12262800, 裴亚荣
12279939, 彭美琪
11975104, Pig小优
12278011, 菩慧阿佳
12144123, 潘惠茹
12024295, 彭丽嘉
1057203, 普里
1053191, 潘虹羽
9139, 裴颖妍
9178, 曲婉婷
9203, 戚薇
9167, 齐豫
9179, 曲锦楠
9197, 齐栾
9156, 裘海正
9161, 千百惠
9176, 乔维怡
9192, 清莞
1047014, 清弄
1024311, 秦宇子
8193, 全璟璟
1046506, 晴愔
9090, 区文诗
1027046, 巧千金
203172, 秦岚
1049443, 祁紫檀
1047188, 倾夜
9186, 琪琪格
9164, 钱薇娟
9157, 青儿
1021217, 清响
9224, 齐雅
947043, 青雪
9158, 琼雪卓玛
9217, 曲旦卓玛
9153, 勤琴
9042, 乔毓明
1015636, 千年破晓
9152, 秦海璐
9199, 圈圈
234856, 钱惠丽
9208, 邱芸子
9172, 曲比阿乌
1003075, 屈慧
844106, 圈儿
9180, 琼雪晋美
1191160, 曲韵雅
9177, 琼璜
9171, 钱幽兰
896723, 曲言
975786, 琼英·卓玛
9194, 邱绮玲
9173, 钱贝妮
762365, 晴昕
9160, 丘采桦
9185, 七堇年
1081748, KIYOIII
9201, 秋秋
995016, 轻檐
1043196, 芊芊
9190, 其其格玛
9166, 千惠子
9170, 钱舟
1039655, 邱岑
9181, 邱怡妃
1098111, 齐亚男
9200, 秦齐悦
1081285, 青子
9215, 邱兰芬
9174, 芊苓
1050483, 秦兽
9219, 七街小屋
1064115, 圈Etta
1081955, 曲家瑞
9204, 曲云
9155, 戚小恋
9209, 钱思汝
9165, 钱琳
9188, 清风
1137379, 丘童予
9221, 钱昭颖
9202, 曲丹
1049287, 漆亚灵
9216, 祁晓婷
9169, 邱心仪
1180117, 邱翠雯
832267, 千月sunny
1049526, 乔亦思
832979, 乔小唯
1120034, 七羽
1039007, 卿卓茜 
1049180, 裘芝
982006, 祁夏竹
9213, 裘斯
9198, 秦铭鸿
1039731, 奇袜小姐高宇婧
804129, 邱伟华
9091, 区小丽
1039567, 悄凌兮
818264, 强迫女孩
9196, 钱红
1049550, 秦丽
1081549, 谯帆
9187, 丘蕾
9163, 邱晓蒨
9189, 曲尼次仁
12506867, 浅笑
12390273, 丘雅媚
12467047, 乔冬宇
9269, 容祖儿
9255, 任然
9242, 任月丽
9236, 任静
1083010, Ramila_Rozimamat
9225, 芮恩
1192130, Rita黄汐源
9229, 任洁玲
768224, 任妙音
9268, 瑞雪
9247, 任剑辉
9232, 如梦
1047005, 任盈盈 
9250, 任桂珍
9227, 阮丹青
9234, 任真
9226, 任天鸣
9245, 任芳
9262, Riyo橙
1054159, 任素汐
9238, 任飞
9257, 仁钦卓玛
1054149, 任韵淇
1019343, 如夏
9228, 任雪晨
9253, 任珅
1004100, RE
10860, 任祥
1087826, 阮妍霏
1137196, 任思谕
9256, 饶燕婷
1191038, 戎琦
1087108, 任玲 
1192106, 任静
9266, 任曦
9237, 冉雯
1150132, 茸芭莘那
1049219, 任烨
9254, 热们泽
980066, 任倩倩
9230, 阮筱芬
9264, 任奕霏
1043185, riza
12493356, 容舒
12475189, 任蓓蓓
12131512, 芮德
12390061, 任舒瞳
1087284, 荣玥萌
12191261, 容儿
1039896, Rachel Chang
12048113, RELLA
904052, Ruby Chen
1106089, REI泠千夜
12468022, 任卓君
9265, 闰格格
12463406, 蓉儿
12441379, 任兴瑶
12067130, 冉艳
12301231, 蕊公子
12054254, 蓉蓉
12218127, 蓉蓉
12049150, 任施思
12121275, 任珍
1049922, 任镜凝
1070055, renyi
990246, 汝雅
9231, Rosemary
791342, 若紫鸢
9272, 孙燕姿
11998039, Sunshine
9292, 孙露
9352, 邵夷贝
9276, 尚雯婕
9455, 少司命
1056002, 三无MarBlue
9274, 苏芮
9273, 顺子
9282, 孙俪
9270, 萨顶顶
9271, 史逸欣
954154, 孙盛希
9278, 宋祖英
9353, 舒淇
10089, 司夏
9294, 孙悦
9438, Selina
1051004, 宋茜
9286, 斯琴高丽
991182, 珊爷
9275, 苏慧伦
1044023, 孙羽希
9369, 撒娇
9384, 司徒兰芳
9459, 苏盈之
9284, 施艾敏
9277, Susan Wong
9424, 苏妙玲
9290, 盛晓玫
9283, 邵容
9390, 孙紫晴
9299, 石欣卉
9454, 沈春阳
9279, 塞宁
9302, 邵雨涵
9296, 沈小岑
9345, 孙思怡
1032298, SNH48鞠婧祎
9280, 苏曼
1049025, 孙羽幽
9380, 苏勒亚其其格
9398, 上官红燕
9462, 宋迪
1193259, 苏运莹
9313, 苏小明
1057150, 孙莞
9483, shelly佳
9291, 沈丹
1058187, Siena Wu
1049225, Sonia
9289, 苏云
9287, 斯琴格日乐
9285, 宋飞
9338, 孙淑媚
9309, 沈丹丹
1086067, 沈玮琦
962307, 沈依莎
9335, 宋婷婷
805241, 苏唯
1047274, 山猫
1047248, 少年霜
1132026, 苏苏
9316, 石小倩
9382, 四郎曲珍
9295, 沈雁
787133, 盛兰
9403, 佘诗曼
9297, 沈千琦
1028028, 孙欣
9344, 孙颖
9392, 索朗旺姆
9458, 苏丹
9450, 盛小云
9363, 苏巧筝
1078021, 时嘉
9370, 佘曼妮
9346, 史茵茵
744287, 孙语诺
9300, 石梅
9334, 苏红
9342, 孙青
9318, 孙嫣然
916007, Serrini莎妮妮
9437, 孙启燕
9409, 石咏莉
1050241, Sophis
1088038, 沈曼
9306, 宋新妮
9360, 舒曼
9395, 施怡
9399, 珊瑚
975768, 李洪兵
9329, 沈殿霞
9421, 孙艺程
9330, 邵琳
9440, 孙艳
1047098, 苏仨
9463, 史依弘
9373, 十一
9489, 谭维维
9548, 田馥甄
9487, 陶晶莹
935286, 谭艳
9566, Tacke竹桑
9486, 汤旭
9488, 田震
9494, 童丽
9539, 唐嫣
9504, 汤宝如
9491, 谭晶
1020090, Tie Yann（铁阳）
9577, 唐古
783036, 童可可 
1094178, 汤晶锦
5271, 檀烧
9592, 覃沐曦
9561, 陶辚竹
9524, 田原
9484, 同恩
9499, 陶钰玉
9492, 庭竹
9485, 童圆喻
860867, 佟妍
9589, 汤唯
9585, 汤晓菲
9493, 汤灿
9503, 童彤
9490, 坣娜
9538, 陶格斯
9557, 天时
9565, 糖妹
9540, 唐荭菲
9572, 徒有琴
1090017, 汤茜
9574, 图桠格
978082, 婷汐
9553, 唐笑
9519, 童欣
9508, 唐宁
9497, 唐晓诗
9581, 唐俪
9521, 彤菲
9496, 唐艾萱
1028062, 涂议嘉
9544, 汤唯
187571, 田蕊妮
233295, 田园
9535, 天天
9498, 陶莉萍
1038195, 唐子晴
9495, 邰肇玫
9501, 唐蕊
186002, 田丽云
9507, 涂紫凝
973078, 唐妞
9527, 谈莉娜
9530, 唐逸
1019034, 田丹
9549, 塔琳
9551, 童蕾
1132075, 昙骨
1049567, touteitei
9546, 田维英
9587, 田元
9506, 唐妮
9512, 谭小环
9532, 谭宁
9575, 汤媛媛
9550, 唐俊乔
804005, 跳水姑娘
9531, 唐素琪
9514, 唐韦琪
905358, 陶莹
9541, 童芷苓
1094292, 田子田
9500, 田希仁
1047403, 谭嘉仪
9509, 谈芳兵
9502, 涂佩岑
9590, 谭思弦
1148003, 陶晶晶
963621, 唐宁
893255, 唐茉菡
9554, 汤丽雯
1132289, 童菲
9563, 唐飞
1044083, 陶昕然
9570, 田娟
1132566, 唐嘉嘉
1180067, 桐瑶
9593, 汤兰花
860627, 田放
1021332, 堂本紫
797360, 汤加丽
1046420, 唐源璟
999313, 谭嘉惠
1069025, 铁子
9534, 谭又铭
9518, 童童
1081184, Urmim
1094072, Unphuckwittable
1038099, VaVa
9598, Veronica
1047290, VIVI
12136041, Von Lee
12468106, Virginia Glück
854017, VeraShao
12441210, Veegee
12001060, Vinida (万妮达)
12262366, VIVI
9603, VEDA
9602, veary
9621, 王菲
9606, 王心凌
9604, 王若琳
9605, 卫兰
9615, 吴雨霏
9612, 温岚
9780, 吴若希
9823, 魏新雨
9608, 王菀之
9609, 魏如萱
9624, 汪明荃
9635, 乌兰托娅
9607, 王筝
166009, 吴莫愁
9668, 王婧
9766, 巫娜
9618, 魏如昀
1046249, 吴汶芳
9622, 王蓉
9687, 王麟
9838, 乌兰图雅
9633, 王馨平
9617, 吴金黛
9620, 米雅
9758, 王露凝
791411, 惟安娜Vienna
9682, 吴琼
9722, 吴静
9643, 魏雪漫
9875, 王媛渊
9655, 王珺
9930, 王韵壹
9613, 娃娃
9611, 万芳
9881, 汪小敏
168003, 魏语诺
9774, 王蓝茵
9632, 韦唯
805419, 王诗安
9647, 王冰洋
9762, 王二妮
9630, 王祖贤
1015620, 王君馨
9863, 翁素英
9832, 王泓漓
9659, 吴恩琪
9671, 伍芳
9610, 王娟
9694, 王昌元
9657, 王韵婵
9656, 韦绮姗
1156177, 王姝旖
9786, 吴思瑶
9751, 文筱芮
9631, 吴倩莲
9776, 王娅
9736, 魏佳艺
189907, 吴昕
9629, 卫诗
9653, 吴紫涵
9664, 文静宁
9773, 乌兰
9922, 王熹蛮
9676, 吴君如
187580, 王璐岢
768306, 网易云音乐
9616, 汪佩蓉
9890, 王艺洁
1060056, 王一鸣Iris
1132947, 王笠人
9718, 吴莺音
9725, 王恩琦
9810, 旺姆
9806, 王欣婷
9835, 王志萍
9712, 吴碧霞
9665, 王心雅
9726, 王晶
1156189, 王雪晶
9714, 吴日言
9809, 吴文煜
9677, 翁倩玉
9747, 吴雪颖
9784, 吴英仔
9808, 王胜男
1015284, 吴梓涵
9828, 王莉
9614, 乌仁娜
957001, 吴佳琳
9753, 吴文光
9749, 王虹
9625, 王心如
9926, 王聃葳
9752, 王澜霏
9772, 王珞丹
9623, 魏佳庆
9639, 伍咏薇
9646, 王芷蕾
9887, 汪妤凌
9732, 魏依曼
9952, 谢安琪
9945, 萧亚轩
9944, 薛凯琪
9943, 许茹芸
9940, 徐佳莹
9939, 弦子
9941, 许飞
9942, 许美静
9950, 许慧欣
9951, 辛晓琪
1039895, 谢春花
9968, 徐小凤
10142, 玄觞
10141, 小爱的妈
9938, 许哲佩
905476, 夏婉安
9949, 萧贺硕
10012, 萧人凤
978026, 徐薇
9960, 谢娜
9947, 萧潇
9963, 徐千雅
189961, 许多葵
9959, 香香
1081645, 小胡仙儿
1040196, 许亚童
10049, 许秋怡
10063, 心然
9971, 小雪
905891, 徐菲
10123, 小凌
10081, 萧风
9948, 小果
9954, 徐怀钰
9975, 希莉娜依
9964, 辛欣
10027, 晓花
1063104, 黄小岛
9957, 徐洁儿
10097, 谢津
9987, 谢金燕
1085035, 心华
9288, 新疆美丽公主组合
10004, 希亚
10135, 许佳慧
9973, 项斯华
9976, 小宋佳
1192268, 小霞
1084106, 千竦嫣
787169, 悬铃木
9969, 馨予
9955, 谢雨欣
10041, 薛家燕
10103, 谢楠
10011, 欣欣
1081201, 心大俊
854495, 小垂直
9988, 谢采妘
9966, 小月
677007, 许艺娜
10082, 薛晓枫
1044143, 嫌弃
10096, 谢容儿
10070, 小昔米
203096, 谢沛恩
10171, 小歆
9999, 徐雯
10013, 晓丹
9972, 奚秀兰
1165035, 冼佩瑾
1025209, 萱萱
10083, 徐菲琳
9967, 雪儿
9953, 许景淳
1050651, 夏语遥
9970, 薰妮
10023, 辛小玲
10071, 萧孋珠
10022, 向蕙玲
10016, 徐子珊
9992, 秀兰玛雅
10057, 徐美澜
10068, 谢浛露
1015119, 小爱P
10062, 徐海星
9989, 徐颢菲
897031, 夏米雅
9982, 雪莉
10108, 雪无影
10009, 小斯韵
10120, 许菱子
1081123, 血纯茗雅
9981, 萧蔷
10076, 夏薇青
1078056, 夏羚雅
10115, 邢美美
10010, 雪儿
10128, 晓月
10095, 小树
10077, 晓雯
10204, 杨千嬅
188565, 银临
10199, 杨丞琳
975482, 燕池
981005, 云の泣
10200, 郁可唯
10371, 姚贝娜
10209, 叶蒨文
10296, 严艺丹
10203, 泳儿
10197, 叶蓓
983028, 言和
10206, 杨钰莹
10355, 袁咏琳
10198, 杨乃文
10396, 应嘉俐
10370, 云菲菲
10367, 杨幂
10238, 叶丽仪
973184, 玥霖(佳妮)
10297, 杨子姗
8145, 筠子
10202, 元若蓝
10552, 杨烁
10473, 袁娅维
1026105, 印子月
10412, 云朵
10205, 伊能静
10219, 央金兰泽
10348, 杨沛宜
10524, 妖言君
10196, 袁泉
10390, 原子霏
10214, 宇珩
10249, 杨蔓
1108087, 易嘉爱
816248, 于文文
10319, 于文华
10335, 叶一茜
10280, 杨菲洋
10344, 于萍
10211, 杨雪霏
10218, 叶德娴
10516, 杨小曼
787040, 樱九
10312, 殷秀梅
10361, 杨千墀
10212, 阎韦伶
10210, 叶欢
7139, 央吉玛
10215, 姚斯婷
865175, 颜培珊
1154070, 虞姬
1002075, 袁姗姗
10313, 姚苏蓉
10394, 月亮姐姐
10490, 以莉.高露
10368, 杨紫
10522, 岳薇
10349, 严凤英
711515, 伊稀
10380, 依然
10234, 俞静
10256, 叶凡
954556, 雅心
10351, 杨梓
1137021, 杨凯琳
10250, 央金
10245, 袁凤瑛
10262, 杨曼莉
189165, 亦帆
10307, 姚莉
10223, 闫月
10224, 杨采妮
10543, 颖宝儿
10220, 英格玛
10246, 尤雅
10465, 杨竹青
10294, 杨波
10342, 杨茵茵
9754, Yuja Wang
10432, 延聆
10410, 姚婷
10445, 姚晨
10398, 杨乐
10248, 杨丽珍
9920, 蔚雨芯
1047284, 引月兮
741088, 于秋旋
10231, 叶瑷菱
10265, 依桐
10243, 袁咏仪
10379, 于淑珍
10496, 樱子
10242, 俞丽拿
10290, 严淑明
10405, 殷馨梓
1132475, 闫薇薇
10221, 杨林
10201, 有耳非文
10561, 张靓颖
10559, 张惠妹
10557, 张悬
167013, 庄心妍
10562, 张韶涵
1024308, 张碧晨
10558, 周笔畅
10565, 赵薇
10571, 郑秀文
10572, 张芸京
10580, 郑融
10782, 郑欣宜
10750, 曾轶可
10578, 张玉华
10924, 张玮伽
10608, 卓依婷
961055, 周玥
1081635, 周二珂
10577, 周慧敏
10563, 周迅
1081056, 赵丽颖
10902, 只有影子
10591, 钟嘉欣
10594, 甄妮
10583, 张含韵
10569, 周蕙
196134, 章子怡
10584, 张柏芝
7484, 重小烟
10624, 钟舒漫
10846, 张冬玲
10959, 周子琰
1016183, 赵乃吉
10601, 周虹
10575, 周璇
947234, 朱主爱
10970, 郑爽
10834, 张可儿
10753, 张婧
10593, 赵学而
10961, 朱雅
10581, 中童西
10773, 钟欣潼
10582, 朱婧汐JING
10635, 周艳泓
10566, 卓文萱
10589, 张蔷
708027, 朱俐静
10574, 张力尹
10586, 张德兰
10788, 张晓红
10600, 赵聪
10611, 郑绪岚
10597, 张瑶
10614, 周冰倩
10560, 张浅潜
1019439, 郑晓填
9965, 张芯瑜
10595, 郑希怡
10607, 祖海
10621, 甄秀珍
10628, 朱茵
10880, 朱晓玫
10777, 张淘淘
10745, 郑婷
770005, 张萱
10573, 张清芳
10568, 郑华娟
10596, 朱桦
10604, 周丽淇
955059, 庄鹃瑛
10616, 张秀卿
10567, 朱哲琴
10879, 张晓棠
10617, 周影
10579, 赵咏华
861463, 张纹嘉
10564, 张艾嘉
1038113, 郑一帆
10622, 詹雅雯
10612, 朱晓琳
10585, 张也
1155080, 张怡诺
168009, 赵露 
10728, 朱明瑛
10606, 周子寒
867032, 朱贝贝
10588, 卓亚君
10795, 张继青
10815, 朱逢博
797348, 赵奕欢
10615, 钟汶
10609, 张小雯
10702, 赵家珍
10737, 张真菲
10829, 郑可为
10610, 张语倢
10587, 郑怡
10780, 张珊萌
10592, 张火丁
8359, 刘芳
7909, 胡扬琳
792806, 许靖韵
1151002, 陈明憙Jocelyn
6204, 羽翘
790074, 王奕心
9014, 毛妮卓玛
1142044, 芒果
805113, 张子瑄
799016, 刘子琪
190074, 纱朵
1047249,  赵艺涵
790100, 张梦弘
1132144,  Nancy Love 
188455, 谭欣懿
1049255, 33娘
187604, 程欣
725043, 陶妍霖
190205, 金小鱼
1159165, Dreamer虹颖
1153007, 若菲飞
1145052, 王般若
1116325,  于博雅 
1160087, 颜阿达Ada
189048, 腾云驾雾琉璃仙
1135002,  孙奇
789523, 天籁天
221005, 陈韵如
1143031, MST-Dreamer
804112, 孙大肆
790095, 清清
790127, 吕雪
232769, 蓉蓉
220619, 乔沐楠
1183087, 凡以三
794064, 黄浩琳
1184069, 扬
790110, 辜櫻樱
1195003, 古再丽
790096, 矫妮妮
790070, 徐艺莹
189446, 浅伊
1195024, 叫我-薄荷叶儿
1032341,  谢玉虹 
1039080,  smi.
790105, 俞文靖
220635, 君夜潼
1160044, 文兒兒
1158219, 胡枝子
1184060, 森朵GIMA
956008,  小曾 
1160236, 糖火烧Summer
1159038, 柴小C
188341, 伊子木木
790043, 邵水云
222670, 琪琪
1087166,  孙菲繁 
1160047, 大贝贝
1140030, 魑魅九儿
1122023,  徐莹
1184082, 任帅
1155116,  吴凤花 
826060, Rockin Rose
189887, 罗丹
1145056, 1747
1044157, 8NIUCHA
1194036, vvseven
1185069, 陈央
1196018, 斯也
1097014,  Sammi Cheng
1184084, Shaze1
1158065, 宇西
188069, 苏亦晴
1161018,  袁雪儿
955270,  范舟 
1081508, 杨爱瑾
1047259, 王馨
1196028, Suyi
220643, 张娟
222408, 吴兰馨紫
790038, 邓天晴
1196016, Eustomai
1183067, 杜薇薇（雅雅）
790049, 松井优美
790065, 姚丽娟
1184073, 雪回
1160097, 马昕昕
1183015, Lio
12521473, 王琰
12521439, x0517x
12521417, 何志会
12521247, 苏槿屿
12520605, 任潇潇526847
12520251, Excursion_1971
12520153, 叶子
12519287, Yussi
12519665, Reigo_叉叉
12513031, 周尖尖
12512089, 丹戈尔
12512039, 七茗
11001, at17
1049310, 安图声乐队 
11015, 阿里郎
11056, 阿凡提
11000, ai.mini
11933, 爱朵女孩
11066, A公馆
10996, AK(AK47)乐队
11004, ASOS
11034, AK组合
11005, 阿霈乐团
11002, 阿飞西雅
1019707, As One
11058, 安妮朵拉
11055, 阿佳组合
721016, AOA组合
1048013, A'N'D
11089, Angel Girl
11011, 艾图兰
11039, 阿基耐
11050, AM444
11009, Ado
11008, 阿妹妹
11018, Art-Kins
11032, Anthelion
11047, 奥斯卡管弦乐团
11049, 暗狱戮尸
977051, AvTProject
1060238, 安达组合
789335, 暗黑白领阶级
1029014, ATP
11053, AMK
10999, Aspidistrafly
1047045, ATBT
1038347, SHEKHINAH | 安娜与陈飙
11054, Angelic Quasar
825031, A Jerks
11013, aka a cappella
11014, 哎呦
11007, AOK
11031, 阿吟琴
11006, 阿爆 & Brandy
11033, AV大久保
11035, A4
11016, Alive
11027, Airbag
11021, 阿唐&阿豪
1064015, ANWIYCTI
1050612, 积木立方
11024, A-One
1039570, Ascension Music Group
11003, A-Z
844479, After Argument
11019, 爱乐公社
1008003, 阿波罗音乐
11078, 阿曼达少女组
1019382, 奥利
11030, Art Gallery
1049145, 阿夏组合
11028, Acoustic Mood Orchestra
1164018, Astrolatry
1049460, 阿四龙组合
11045, An Evil Omen
1099007, Aurora Record
11010, Arrows Made of Desire
649583, AIO
1043292, Azure
11029, ABERRATION
11046, 癌症楼
1050149, Asymmetry
1032059, a tempo group
11025, Aglare Light
11075, Anti XXX
11057, Asthma Writers Union
1094316, ShitheaD
832828, A4F
12492162, Anonymous Annoyance
12448132, 爱好好听
12023290, ATF
12301020, A.N.D Taipei
11038, Autopsia
12250020, A.S.K girls
12440171, 爱尔音乐团队
12233120, Angel Baby
12262027, Air
1192468, 安德瓦特
12197215, ACEMAX-RED
1149048, AZL组合
12091071, 阿库诗薇
11040, Air Force
12054255, AGEBOY
12232121, Ah5ive the band
12031075, 阿吉太组合
12203505, 阿巴巴组合
11079, 爱突击合唱团
12087113, Astro12
12074125, ANU
12041029, AOS新生代偶像团体
1192465, Agave Butterfly
1047341, andysky52音乐社
11127, Beyond
11097, By2
2092, 布衣乐队
900084, 不可撤销
11106, Boy'z
11105, 般禅梵唱妙音组
11094, 鲍家街43号
11099, 棒棒堂
11114, 芭比
860733, 薄荷映像
11109, 八三夭
11112, Blue Jeans
897191, 布皮树
11113, 八只眼
11098, 便利商店
11108, 办桌二人组
1046128, 伯村清唱团
11095, 拜金小姐
11100, B.A.D
1063043, Busy Gang
225536, 板砖
964448, 边际自由
1058088, 驳倒乐队
11103, 八厘米天空
11107, 病蛹乐队
1050586, Blacklist黑名单
220934, 暴走蜗牛乐队
11143, 北京金帆少年合唱团
11131, 波希米娅女子合唱团
11382, 百合二重唱
1043286, BACKER
1060205, 白银河
11157, 北极
1028167, BOXING乐团
11121, 豹小子
11115, Bad Blood
1029001, Boulevard
11101, 薄荷叶
844727, Baby Formula
979049, BOX
1011062, 北树乐队
11787, Black Box
13450, Buddy
1107014, 八大巨星
1050236, Before the Sunrise
11158, Be Persecuted
11190, 暴君
13732, 宝贝计划
11231, 逼上梁山
11163, 冰封十字
11244, B2
11125, 北原山猫
687018, 百乐门国乐团
11230, 白狐茶会
11118, 病医生
11212, 北京四兄弟演唱组
11110, 变色蝴蝶
1039159, 北京天合之音吉他乐团
11116, 冰淇淋少女组
817154, 冰雪姐妹
1049280, 北暴兄弟
11149, Baby Monkiz
1039037, 编曲小C 
1078329, BOX.COM
11178, 包子虎
11148, 北极星
11171, Beyond Cure
11128, 北京梵乐团
11186, 表演工作坊
11222, 冰雪飞
11156, 波激小丝
1049130, Before The Daylight
11160, 补弦
11124, 冰火组合
11162, Burnmark
11136, 波澜童话
11219, 病毒库
12884, 败血症
29591, Bazoo
11153, Birdstriking
11167, 不复之血
11122, 边界
1037004, 不是乐队
11111, 病毒
11146, B.B.Queen
1072058, Bigleaf
1050169, 不是桃乐丝
11133, Bliss
1049992, 芥末
1047207, Breeze
1085052, G.O.D.E Music
11117, Bo's
11170, BOYZ & GIRL
11123, Black And Blue
11129, 壁虎
1089220, 爆竹乐队
11165, Babes
11201, 暴君之狂怒
985186, black lake乐队
1120023, 白玉玺乐团
11265, 草蜢
11257, C-BLOCK
11238, 刺猬
1033019, 赤褐色
948007, 茶小姐和熊先生
11260, 城市少女
11318, 晨曦光廊
961071, Calculasian
11236, 超级市场
11248, Cookies
11088, 脆乐团
11237, 草莓救星
11322, Christmas
11320, Cicada
1161122, 草东没有派对
1087693, 仓买
11317, 插班生
11247, Cream
11263, CD Voice
11240, 痴人
11308, 草原兄妹
11243, 橙草
11241, 苍蝇
11235, 春秋
11242, C.O.U
11255, 刺客
11286, 茶凉粉乐队
11302, Chochukmo
11329, 超人特工队
11324, 川秋沙
11337, 乘以三音乐工作室
11274, 晨星
1124437, 传奇乐坊
11340, Cozy diary_轻日记
1047127, 从心开始EXO后援会
1049509, 吹波糖
11245, COLOR
1081207, CEM Records
1081839, Chinese Football
1039079, Cockroach
11301, 戳麻
11283, 出口A乐队（ExitA）
1046388, 穿越稜镜
986255, Close To Abyss
1030008, CS晨悠
1044213, 彩虹来乐队
11250, 参劈
11295, 拆乐队
11353, Chui Wan
1045044, CollisionDreamer冲撞梦想家
11276, 赤子花园
832710, CNdY
11233, Carsick Cars
11239, Caca & Chimneycrow
11305, Circus
1046394, 川先生乐队
11323, 从未发生
1038424, cloudy 
2313, ceezy
11251, Choc7
11273, Citybeat
11288, 齿轮橡皮
11249, 超口爱乐团
1116139, CMCB
11252, 超级玛丽
11290, cocos
11309, Chaos Mind
11289, 陈颖豪VS徐晨音
1115021, Choose
11293, Claustrophobia
1063180, 刺花乐队
11253, Chyna
11350, Closer
11269, Cheers
11258, 赤道
11303, 楚奇楚童
11275, 陈庆华&全家慧
11307, 蔡咪咪
11267, 城市俊杰
11315, CAM
1038397, 彩色斑马
1041034, 耻骨乐队
11262, 茶乐团
790116, cuzlife组合
11334, 炽潮
11268, Crossfire
11327, CAssette
11701, CDGE
1049847, 炽蜂乐队
226428, 楚歌
979004, 彩贝与海
11300, CO2
1147110, China Queen
1046048, Crossline
905375, C-12 
1181803, CA中美说唱组合
973070, 陈子超
11339, Crescent Lament
1049485, 茶馆乐队
1019949, Cookie girls
11370, 丢火车
11358, 大乔小乔
11359, 达达
11363, 动力火车
11365, 低苦艾
11371, 达明一派
1032426, 打扰一下乐团
11366, 丁香晓晓
11437, dance flow
11427, 东城卫
11482, 大庆小芳
11360, 大嘴巴
11378, Dear Jane
11481, 岛屿心情
11362, 地下婴儿
11372, 颠覆M
11459, 大悲
11505, Days
11367, 渡鸦
11379, 董事长乐团
11368, DA BANG
11364, 赌鬼
12326, 大飞&摩天楼
918003, 大波浪
11425, 东于哲
1045095, Deo volente, illumine!
11450, 大忘杠
11434, Dude
1135243, Dirty Honey
11445, DISH
905905, Dxtliant Child
11375, D-Evil
11456, 大买麦
11477, 东方传奇
224929, 但丁之舟
11460, Dream Girls
11489, 大红袍
1047287, 大小ann
954425, DeepMountains深山
776850, 大象体操
11377, 单行道
1039098, DANK
948013, 东禾群星
11388, 东森幼幼主持人
11395, 东方神秘园
1068013, 电解质
11466, 丁丁与西西
11447, Delay
11380, DRY
1021324, DREAMIX
1149109, DNKL
11433, 大小姐
11428, 狄奥尼索斯
11431, 堕天乐队
11392, 豆豆&乱七
816344, DX2(DoubleX2)
11393, 大囍门
11376, 癫狂收音机
11369, 东方快车
11386, 东方女子乐坊
11402, Dragon 5
1043538, 短尾鱼
808048, 第八音符
11373, DengeL
11498, 钓鱼岛组合
11430, Dopamine
1060166, 大波起司
1045059, 大卫之声音乐事工
11483, 大魔王
11465, Dandelion Trio
11436, 大研纳西古乐会
11424, 都市女孩合唱组
804404, 低明度时期
11422, 丁承运VS付丽娜
11381, DEMOS样
11374, 大地
11454, 动感男孩
990191, Dears
11383, 丹麦
1049140, 捣蛋鬼乐队
857111, DreamKi
1015212, Digital Beats
11438, 东与政
11451, Doc Talk Shock
11467, 第二层皮
1087221, DeepInside乐队
11389, 大陆断层
1124292, 大木乐队
11385, 达与璐
11398, Double.R
11457, DA DICKMINERZ
11400, Dim Nova
11449, Dear Eloise
1021320, 大麦哲伦乐队
820420, 大钟寺钟磬乐团
1081791, 独木桥乐队
11473, DL组合
1039780, 大意见乐队
1040046, D.C 
1044199, Dead Narcissus
11514, 二手玫瑰
691012, EXO-M
11515, E-kids
11532, 耳光乐队
11512, 额尔古纳
11516, EO2
11522, Energy
1081135, 上海 Echo 合唱团
11527, Eltan Renaxy
1124601, 额尔古纳乐队
11550, Elenore埃莉诺乐队
11513, Echo
11546, Even Less
11518, Explosicum
11544, Evocation
905097, earlybus
1116003, 恩上恩组合歌唱乐团
11533, 二后生
11523, 二元一次
11536, Enemite
11526, 恶刺
11519, Elf Fatima
11517, Eternity Girls
11530, Ego Fall
11547, EARTH DANCER
92151, 儿童医院乐队
11528, Easy
11542, EVER
1039478, Experience
11534, EDIEH
1053154, EsregBug也色若
11541, 二刘组合
1190113, E-eye-E 
11553, ElectroO2
11529, EvilZ魔圈
1039092, ET身份证
12394249, Easy Rider 逍遥骑士
12390208, Each other
894093, Editec
1193408, 恶邻居乐团
11525, EBOLA
1045100, Eye Dunno
12339107, ETBOYZ
12408106, EnlightEN
12250167, 鄂托克前旗·艾基木儿童合唱团
12381054, El Beasto
861775, Expendables
747091, ESG女团
11555, Eureka Music
11551, Eric Dane
11539, Euthanasia
11531, Empire of the Sun
11511, ECHO
11562, F.I.R.
11564, 凤凰传奇
226672, 风潮唱片
11558, 反光镜
11560, F4
1050282, 房东的猫
11561, 飞轮海
916104, Fuying&Sam
11623, Frandé
11575, 风火海
11574, 非鱼乐队
1043370, Freeplay Music
11649, 风林火山
11609, Free Party
13589, 废墟乐队
1049828, 范晓萱+A
1031010, fresh极客少年团
13583, FREE THE BIRD
11563, 凡人二重唱
1015634, Foot Studio 脚音乐工作室
151784, Fabel
11594, 樊樊组合
842003, 范炜与程渤智
841302, 飞行青年乐队
11653, F.Be.I
1164025, 繁世樱落
1058129, 风见学园蔚蓝组
11625, 福麟阁
11592, 风儿乐队
11603, 发条卡目索
11569, Fusion乐团
11585, 伏羲
11582, FUN4
1039025, 非樂原创音乐工作室 
11664, 佛涯组合
1032429, 反调
11566, 浮世绘
11618, Fragile
11573, Face to Face
11570, 粉红A
1124322, Freedom Plant Music
1057069, 风临神社
1023077, 风乐队／石磊&王萌莹
11577, Fundamental
1141021, 奉天乐队
805085, Freedom Mammom饶舌团体
1071016, Final Tunes
11608, Forget And Forgive
11581, 风云
957154, Free Birds Walkband
11642, 夫妻相
11614, 疯医
11593, From The Red
1089230, 发条傀儡
11579, 废五金
11588, Freeze
11567, 非凡乐队
11578, 芳华十八
11584, 风信子
11587, 凡风
11628, 法式绮思
11667, 腐尸
11647, Fearless
11620, 发条人
11590, False Alarm
776753, 放射空间
12964, FORESTS森林
1050260, 芙蓉帐暖夜笙歌
11576, 风云
13621, 发射乐团
11626, 福禄寿
1132727, 翻糖乐队
11591, 风采姐妹
11572, 梵天
11669, 芳华越剧团
11586, 风之Group
11636, Forgotten Melody
1005011, 犯罪律师
11612, Follow me
11657, 饭勺兄弟
1161099, FFx
1049175, 飞月乐团
1038044, Fresh8乐队
952086, 放客兄弟
1040100, From Next In
11675, Frank Segen
11589, 非典美眉
11652, Fxxker Family
11571, Fading Horizon
1040043, Free·J
1038376, 飞行日记
1085058, FRIDAY组合
11596, 凡言
11619, 飞螺机
1045094, 发条木偶
839006, Freon组合
11658, 风铃
11597, 范姜明月@涉谷纵横
1132066, Fayzz
11633, 风迷藏
11679, GALA
11742, 隔壁团乐队
11704, 高旗&超载乐队
11680, 果味VC
11757, good machine oil
11698, 广州交响乐团
1120204, GMRemix
11681, 功夫
11728, Glow Curve
1049305, GoaProductions
1049149, 光速飞行
11733, 牯岭街少年合唱团
11708, 橄榄树
11734, 光启童声合唱团
1044206, 鬼否
11743, 高雄市立国乐团
11717, Go chic
1038241, Gentleman 
11686, 高原红
1018101, 光音乐团
11684, Gol Dolan
1131049, 归墟原创团队
1041024, GNS民族品牌
893288, 贵族乐队
904135, 光引擎
11736, 关于我们
11696, 工兵
11697, 广州爱乐少女合唱团
11682, 过失
1041153, 钢心
11711, Good Luck Good Bye
11748, Golden Cage
844974, 果宝酱JAM
11685, 戈多
11677, 嘎调
11746, 广州小云雀合唱团
1044090, Gryphin
11752, goldEN
11710, G-ELEVEN
11687, Goodmorningloria
11727, GIP
1039371, 干嘛电台
11692, 高山阿嬷
11689, goodbye!nao!
11688, 骨肉皮
1060161, 姜山Norie
11735, 高山流水
11712, 国王
11729, 国难当前
1032032, 狗神
11732, Grace Latecomer
1046070, 羔羊的葬礼乐队
11774, Girl+The Machine
11702, 郭建一&萧玉芬
11754, Gina
11719, GIA
11690, 高潮
11730, Girl Friends
11737, Gorepot
1045120, Girl Kill Girls
11691, 公主帮
1032086, 国王之像
11720, 国度音乐传爱团契
11700, 滚石小子
11751, Guttural Corpora Cavernosa
1047393, 孤独骑士乐队
794019, God Dance
11694, Girl Fantasy 4
1041139, GOD IS SE7EN
1038112, 高速轨道
11713, 工兵俱乐部
11721, 固定客
1053060, Girls Summit
1019113, 改造人
791062, 光合作用
1073038, 莞城仔
11714, 格林威治时间
12505949, 歌梅拉组合
12249074, 果实乐团
12504033, 公馆游乐园
12062142, 公主驾到
12354081, 鬼鬼祟祟
1135174, 格德
12342041, 光线合唱团
1069006, 歌舞姬乐队
12279349, 果果乐队
12356272, 高能少年团
12183333, 归一
12260212, 光乐团R.A.Y
12096285, Gigi & Hogi and James
1124376, Green Coffee
12053333, 格德群星
1039864, Groovemiki
1098113, Gohst Hand Tear
12411087, G5SH
12171107, 歌武传奇
11996087, Gravity Alterstra
1074055, Guo Brotherrs 
1066031, gabykids
11715, 怪力
711683, 好妹妹乐队
11830, 海龟先生
11759, 黑豹乐队
11761, 花儿乐队
11762, 黑撒
11776, 黑鸭子
11890, Hush!
11767, 杭盖
11760, 后海大鲨鱼
11794, HAYA乐团
1038350, 花粥&四四
1015069, Hello Nico
11788, HotCha
11790, 黄色潜水艇
11822, 皇后皮箱
11758, 花伦
776879, 鸿雁组合
11839, 黑钻石
11777, 呼吸
11797, HIT-5
1058230, 黑薄荷乐队
783163, Hope组合
11875, 琥珀
12273, 黄立成
11878, 欢庆
11856, 嘿！！！
938016, 昏鸦
11678, Hang On The Box 挂在盒子上
11816, 黑棒
11793, 黄金年代
11889, 红色浆果
1039109, HI, 怪咖♥
11795, 红月亮女子合唱团
1046386, H2K
11785, 红苹果女子合唱组
11780, 后舍男生
1046338, 火星电台
1043362, 荷尔蒙小姐
11772, 红孩儿
11799, 黑骏马
1049144, 红花会
11791, 皇家曲社 昆曲六人组
11855, 红丽姐妹
11898, 华乐三姐妹
11840, HE有激人
125800, Oliver
11771, 胡椒猫
11891, 华夏民族乐团
11865, 化学猴子
1051015, 海朋森
691001, 谎言留声机
11798, 好男人
11769, 坏女儿
11903, 海阔天空
11770, 坏碑唇
11821, 华中师范大学合唱团
11778, 火鸟三人组
11763, 昊恩家家
11917, 浩角翔起
11789, 红蓝铅笔
11832, Happy Circle
11809, Happy King
11831, HUSH
1047313, 洪流之源
11825, 灰烬周三
11660, 凰后组合
11887, 好好先生
11913, 河豚子
11870, HERO
11783, 蝴蝶组合
167012, 华声儿童合唱团
1060036, 坏哥哥大乐队
11796, 火星人
11782, 红唇族
11844, 黑宇
11781, 黑鸟
11801, 华中科技大学艺术团
792053, 混合体
1039834, Horseface
1070050, 汉光人声创艺乐团
11836, 幻世狂想
11768, 好客乐队
11859, 核子可乐
11849, 海克力斯
905276, 黑戒
1081347, 弘诺方舟
897174, Hong Kong Express
927031, 黑金
1044032, Favours!
1011186, Hyaline Gap
11838, 红樱束女子打击乐团
11804, 黑手那卡西
11766, 黑凡斯
11807, 黑马训练营
1045097, 弧线
11881, 皇妃乐队
11892, 红乐队
11805, 黑九月
1161010, 画皮乐队
1084013, 红蘑菇乐队
11937, i2star
12329, IZ乐队
11931, In It
11934, i Me
783012, Imade家族
11936, io乐团
11924, inLove
11928, I Love You Boyz
13596, IPIS蟑螂
1049924, ICE MOON
11921, IGO
11929, I★M
893353, Icy-Whiskey
860242, I.D.M
11941, i.n.g
1192438, IPFamily
1088045, In Chaos
1132642, IDOL SCHOOL
11939, Indie Famous
314426, Ice Man
1015002, IP9
11944, imade
985238, Into the sky
11930, IHVHLXXII
12176045, IX 玖号
12095254, iwini
12046905, iColor爱客乐
12046682, ICE LADY
11925, iCHARM骚乐团
12024494, Icy Ball 冰球乐团
12046683, ICE MAN
11927, IDH
11952, JS
854613, 基诺
12022, 玖月奇迹
1044214, 玖壹壹
12021, 江湖乐队
11949, 简迷离
893348, 皆大欢喜
12000, 讲者
11957, 寂寞.夏.日
1079094, 金光布袋戏
11950, Joyside
11947, 锦绣二重唱
11980, 简约情人
1028057, 鲸鱼岛乐队
12036, 机械懒猫
12023, JPM
11948, 交工乐队
12034, Jacky Danny
11962, Jimmy King
826189, Jesus Fashion Family
12009, 蒋亮的声音系统
11970, 夹子道
11999, 静物乐团
12007, 角度
11981, 姬声雅士
12015, 江苏省歌舞团民族乐队
11954, 金门王与李炳辉
11998, 惊叫基督
11960, 俭德大厦
12035, Jungle
12033, 饥饿艺术家
11961, 夹子电动大乐队
12038, 基动乐队
11993, 聚点翻转
1073013, 惊林 
223706, 加减乐队
817169, 江苏歌舞剧院民乐团
957003, 记号士
11959, 假音人
11994, J-TWINS
11972, 节奏之犬
1050398, 节奏旅行家
1058045, 江城原创音乐团队
12013, 金童玉女
11968, Joker
11989, 教练
784340, 激肤乐团
11958, 进念二十面体
12005, 锯S.A.W
1132214, 机车绅士
975811, 记忆的盒子
11974, 橘红色
11973, 九天
1137031, JIN
12045, 济南前卫民族乐团
1124345, JUNGLEMICO PROJECT
1102108, 敬拜之声
12010, 浇灌的园子
12012, Juzzy Orange
11992, 胶壳
1040010, 寂静街电台
1019386, Jeremiad Always Twinge HuaBai
1060237, 教父乐队
1007212, 巨大的轰鸣
12019, J3男团
1045098, 佳非
11976, JADE
11963, 假死猫小便
1180131, 酒窝乐团
13259, 降临乐队
12030, 精神错乱
168018, 佳宁组合
11953, 鸡腿饭
11967, 及时乐队
1171035, Jonan
1025005, Joker乐团
12042, 机动现场
762443, 镜花缘乐队
12014, Jerry & Merry
12044, 假勇乐团
11975, J.A.M
11978, 极光
1046230, 京P-318
1049853, 基友二重唱
11955, 景行厅男孩
12052, 军嫂组合
1007183, MEMORYPIECES记忆碎片
1083027, 嘉宾乐队
11996, 筋斗云
12024, 姐姐乐队
12047, 决胜团
12364, 贾库西
1039023, 基本规则
1046398, 甲子乐队
11965, 江震与瑞路乐队
12040, Jason Kill
1044149, 吉祥如意
12001, 杰森来了
1047435, 迦南古茶
11723, 给力小子
12081, 筷子兄弟
12054, 卡奇社
12056, 可米小子
12100, KillerSoap
12066, Kolor
986266, 空想家乐队
12076, KingStar
12055, 咖啡因乐队
12057, 开心少女组
12082, 空中狂欢节
12078, 快乐家族
12058, K One
12073, 酷爱
12084, 卡木堂
12062, Ketchup
12103, 科尔沁草原姐妹
1081954, 口水军团
12077, Keep Da Faith
12079, 快乐男声
12059, 咖啡因公园
12069, 凯比鸟
947002, 康熙
1019142, 柯班生
12061, 酷客
1061029, 咖啡与猫
12080, 扣弦
1085032, KID PUNK
977023, 狂想三重奏
1043213, Kim&Lee
12071, Kou Chou Ching
12060, Kiss
789473, 空气墙
12065, Krusty
1193133, Kk儿童偶像乐团
1038370, 苦慈乐队
1046163, King's new outfit
12085, KoOk
12105, 控制之外
12101, 快乐女声
12070, 卡西莫多
12087, Karma
1181041, Kylin Baby
1177013, K.JBOYS
964043, Klorine
12467113, 库奇卡
12423079, 开心麻花
12441105, 咖啡猫
12073035, 空弦乐团
1193461, 肯周乐队
1079003, 鲲鹏兄弟
1017089, 跨界乐团
12301252, K6
550057, Kid King
12232080, 康士坦的变化球
12231022, 康乐兄弟
12144032, Kawa
979002, 骷髅头
12090204, 康姆士
12087088, 抗浪鱼乐团
1050040, 蝌蚪合唱团
1043200, KENNYOPPA
12111, 旅行团
1047337, 英雄联盟
12181, 龙井说唱
12115, 零点
844646, 理想后花园乐队
12116, 轮回
12187, 浪花兄弟
4153, Mc老猫
12113, 六个国王
12119, 旅行者
12186, 龙神道
12218, Laurent Jeanneau&施坦丁
12135, 灵感
12114, 零壹乐队
886237, 爻-梁颖
12131, 冷冻街
12110, 龙宽九段
12194, 浪荡绅士
777622, 龍胆紫/PurpleSoul
991218, 鸾凤鸣原创音乐团队
12195, Larry's Pizza
12174, 龙锦
1066088, Lunar组合
12142, 兰亭
12173, 乱感觉
12189, 林朝阳&丁薇
12112, 冷酷仙境
250422, Lollipop F
12184, 来吧！焙焙！
12222, 老泥车男声四重唱组
12117, LAVA|OX|SEA
1049223, Lost Team
12168, 利未人室内乐团
855371, 浪
1180019, Liangcheng Jishi Orchestra
11074, 落日飞车
1039742, 楼兰盒子乐队
12125, L.A.四贱客
12134, 逻辑失控
12146, 螺丝钉
966147, L1STALLDO(厘思翱渡)
12178, 老街
976199, 理想青年
1049787, 老式照相机
956430, Lil' Ashes 
12129, 乱弹
12169, 羚羊角
12137, 龙门阵
12237, 旅行者三重唱
12164, Lucky Girl
12234, 邻家王子
12208, 柳叶鱼
12247, Los Crasher
12124, L.A.BOYZ
12122, 六翼天使
1041023, L&Z乐队
12165, 刘海华&池一萃
12132, 刘鸿 & 邓洁仪
12144, 炼狱
1044100, Lilith乐队
1049052, Light说唱组合
967049, 良人乐团
12197, 蓝野
12128, 兰色花园
1044118, Linan
1085046, 凉山彝族自治州歌舞团
12159, 流行4℃
1179071, 喇叭嘴爱装熟
12233, 乱战门
12193, Lotte Girl
12215, 另一种意见
851033, 刘得龙与人体蜈蚣
12207, Lily et Coco
906092, 雷米
12121, 洛客班
1088142, 六弦诗
12138, 刘以达与梦
1055039, 老K蛋
12162, 另类音乐人
1116116, 老街乐队
1039343, 裂刃
648542, Loading
828169, 乐团双鱼座
12145, 骆驼
12236, 琅琊阁
1135229, 理想假日乐队
1008018, 六根线儿
12171, Legousia Hybrida
1037016, Logic Loc
1048044, 雷米乐队
12200, 凉烟乐团
1050658, 六道母Luktomo
1050388, 懒猫乐队
1079035, Light The Night
12170, 凌迟
12179, Leon Grand Orchestra
13634, 兰州噪音协会
1039605, LEGEND4-7
1066095, 裂缝乐队
1085047, 棱镜
12264, my little airport
1040065, 萌萌哒天团
12261, 棉花糖
12269, 墨明棋妙
12266, Mr.
12263, 秘密後院
794208, Mi2
12262, 麦田守望者
12356, MIC男团
12276, 梦飞船
12260, 木马
12278, 梦之旅
12314, 麦子与微
12346, MP魔幻力量
12268, 蜜雪薇琪
12380, 秘密行动
12358, Mary See the Future
12374, 马斯卡乐团
12396, Meat Sucks
851364, 梅卡德尔
12258, 美好药店
958166, 玛吉阿米藏族民间歌舞艺术团
12305, Mojo
12270, 面孔乐队
4478, 木玛&Third Party
12415, Morning Call 轻晨电乐团
13248, 蜜糖先生
12281, M3
759138, MICappella
12287, MP4
12313, 弥藏
12328, 马赛克
997003, 梦灵
827534, Mu'z
12338, 满庭芳女子民乐组
12272, 明萌派
704011, M4M
12350, 麻醉剂
11693, Monster KaR
1024320, 茉茉天空
1032379, 玫瑰木子弹
1161201, 满汉全席
12411, MY GIRLS
12299, 明骏女孩
804084, 魔法妈妈
794023, 猛虎巧克力
1084210, 马帮乐队
12368, 末裔
12371, 不优雅先生(Mr.Graceless)
896489, 蘑菇兄弟
12284, Manhand
963510, Most酔原声音乐团
12336, Miss Woman
1165043, 魔金石乐队
12280, 米儿丝
4556, 麻园诗人
12333, 蘑菇团
12365, 魔音社
12275, 梦剧院
1050371, 梅花三姐妹
12267, 木吉他
905819, 慢慢说乐团
1124109, MINSTA
1032248, 梦乐团
12321, 冥界
1178215, Monkey Men
12366, Multi-Ego 猫踢狗 乐队
12407, 马来西亚太平佛教会成功幼儿园童声合唱团
817032, 美好前程乐团
1039735, 迷音Los音乐团队
12309, 梦蝴蝶
857095, mister lady乐队
9002, 玛雅
1181092, MusicLoop扭蛋音乐
1032423, 迷幻雪芒果
978078, 玛尔斯
12424, M.Y乐团
1019350, Manic Sheep
12348, 米艾&她的OMG
1054105, 蒙古利亚组合
784080, 魔电女孩
1178286, 昴宿
11655, 暮色绽放
12308, 梦幻想
12357, MISSTER
12385, 梅林组合
1046031, 玫瑰园主
12290, 迷路兵
12378, Modern Children
855286, 蒙太奇乐队
12318, 迷幻幼稚园
1050382, Massacre Of Mothman
1027018, 麋麋乐团
828119, Maple Jazz Band
12303, MIB
12402, Mother Darkness
12282, Mini And 顾儿
1087711, 梅陇音乐力量
12327, MTZ
896183, 米次方
12437, 牛奶咖啡
12438, 南拳妈妈
189873, 南征北战
12442, 脑浊乐队
12436, 扭曲机器
12439, 农夫
12444, 男才女貌
12476, 那我懂你意思了
12447, 女子十二乐坊
12465, 南无
13762, 廿四味
12440, 南方二重唱
12475, 南瓜妮歌迷俱乐部
12453, 南合文斗
12435, Nylas
678001, 尼玛乐队
11080, 女子水晶乐坊
12502, 逆耳
12466, 男月亮
12443, No
1047321, 逆流
12448, 暖乐团
13067, 女孩与机器人
12459, 内蒙古青年合唱协会蒙古族青年合唱团
1046467, 南方小镇
12470, 农村武装青年
1064116, N Girls
12446, 南王姊妹花
789839, 能量兄弟
12485, 南彝
826174, NINETYNINE 99乐团
12451, 孽子
12458, 南台湾小姑娘
12481, 南歌子
12500, 那些花儿
1051013, NewCake
12461, 南蟾兄弟
1084163, 南二巷乐队
12494, Nova Heart
12452, 男子三乐坊
12477, 内蒙古广播合唱团
999007, Never Before
12506, 南门音乐
1040034, NoFear
1078418, 南十方乐队
1187071, 内蒙古少年合唱团
942115, NU'EST-M
1039376, Nower诺尔乐队
12457, 年少
12441, 哪吒乐队
12483, 年年红演唱组
1074047, 喃乐队
12493, NewTank
12455, Newz
12454, 女生宿舍
1049302, 南知乐队
12474, No One Remains Virgin
794414, 南希乐团
12507, 内脏缝合
12496, 女巫
12478, NO LIE
12491, 霓虹木
996554, Nora Says
1039681, 宁夏制造
1054111, 幻華楽
768201, Namigirl
12464, 脑刹乐队
12456, 纽约客
1049229, 南域之声
12348416, Noëmi Waysfeld & Blik
12503197, NG乐队
12203384, Night Keepers 守夜人
12493073, 念乐队
12096304, N.P.E.自由引力
12462401, 南海明灯合唱团
11975208, 你们你们
12451041, 女声四重唱
1192496, nowhere乐团
12289153, Noble Band
1192448, Natural Outcome Band
12273465, Nocturnal Sound
1132848, Northern Cross
977017, NaNaFormosa
12504, 牛奶罐乐团
792553, Nonsectarian
12273303, 牛村长团队
12469, No One Pulse
12142043, 女子合唱团
12274326, 那对夫妻
12035119, 南拳妈妈NQMM
12176090, 女子国乐坊
1124127, 南沙路口
12053194, 妮可酱
1084151, Negative50
1192490, 柠檬草乐团
1038415, 怒乐队
1178270, 男人帮
1079022, NOSENSE无感觉
1020163, OMG战队
784344, 欧开合唱团
1150319, O2O Goddess
12510, oNEwAY
12529, OK男女合唱团
12525, Original Sin
12520, OLD DOLL
12513, OT乐团
13213, One Fifth
12526, OP组合
12511, 欧喷爱
12521, OVERDOSE
1039319, Odd Couple怪鸳鸯
12512, Online
12508, Ourself Beside Me
12514, ong
792528, OCTOPUS03
12516, overdose
1050099, OBSESS
12531, O.F.D
931006, One More
850018, O.M.G组合
12509, Osoyi Rizumu
12528, Orgasm Denial
1077084, OLDWELL
1015208, OOC控制之外
12502109, OCS
1193420, Overtone
1192445, Our Service is Ready
11076, Orthon
12409191, O-Band
12122194, OPXSK
11984015, OPEN CHAN FAMILY
12639, 霹雳英雄
1057114, poppin 国王
12537, 飘乐队
12532, P.K.14
12549, Ping Pung
12592, PIA
999215, 平纱落雁音乐团队
687007, Popu Lady
828124, Project Ace
851210, 喷嘭乐团
12536, 痞克四
900021, 盘尼西林
840471, pentatonic
12601, Pink Haze
12534, PixelToy
1012004, 葡萄不愤怒
12542, PB33
4760, PNC
433848, PUD MUSIC
12554, 派儿
12543, 屏东狮子乡草埔国小学童
12540, 泼猴
12584, 平行世界
12535, 蒲公英合唱团
12565, Pink Berry
12544, 普普乐团
12550, PUNKHOO
12545, 泡泡糖
12533, Project Early
1076006, PEG
12557, 皮痛
1040154, Parasitic-Eve
12593, 拍谢少年
12541, 漂亮亲戚
12563, 普米
905176, 平原习作
12580, P!SCO
12572, Psycho Killer
675001, 飘移乐团
12559, 怕胖团
1039678, 葡萄干
12568, Psycho
12567, Pairs
1060065, Pyroglyphix圣火令
12597, 啤酒车
1132054, ProgressiveDigitalStation
1004015, 平凡生活
12598, P.O.E.M.
12588, Point 22
1048014, Plastic Heads
1039732, 配位体乐队
1038082, 林涧
12503028, Peter Fish
12467234, 苹果兄弟
12355136, PUZZLETOE
12381014, pH
12274384, 漂流木乐团
12203030, Profil
12274036, Paliulius 乐团
12155374, 苹果园组合
12155132, 鹏飞梦舞
12023174, PLAN-S
12023424, Peace Punk
11971050, Pacific Trio
1193472, Project Fading Anchor
1018038, Pink Chimneys乐团
544452, Ponso
927054, 屁屁与大肘肘
12560, Primary Shapes
12582, Plover
1193167, 庞信指挥上海音乐学院管弦乐队
12546, 苹果派
1132587, 潘氏兄妹
12334329, PANDA组合
1023307, Pink Berry 品客暴力
12073329, Play Family
1004119, Pink Stars
1046317, Poison Air
962271, Parallel Truth
778041, Pilotless Drone
12599, 偏执狂
744029, Phoema
12547, Postm3N
12604, 青鸟飞鱼
12651, 七朵
12605, 清醒
12608, 青蛙
12617, 青燕子演唱组
12603, 七八点
12718, 青春美少女
12602, 雀斑
1040042, emptyytpme
12607, 秋天的虫子
12606, 轻松玩
13492, 青年小伙子
12627, 奇怪的日子
12610, 强辩乐团
12611, 青铜器
12638, 企鹅熊爱吃鸡肉球
1032106, 青春老少年
12646, 青岛爱乐少年合唱团
12658, 丘丘邦
12636, 企鹅
12609, 丘丘合唱团
12640, 强音乐社
12615, 青芒果
1026137, 秋裤兄弟
12647, 奇翼果手机乐队
12616, 秋红
954475, 糗事百科
12660, 清歌九城
1038413, 谭心想
12641, 骑去哪
12618, Q-Ki
12648, 棋盘上的空格
12613, 青年
1122079, 麒麟Baby
1156078, 七杯水组合
12625, 奇幻之旅
12650, 穷飞龙
220861, 青春大卫
954558, 青衣
1021156, 虔诚之旅
1019323, 七字辈
806217, 齐天叁喜
12656, Quark
1015001, 潜逃乐队
1049598, 琪淇姐妹
1039873, 茄子蛋
1050161, 企鹅乐团
12634, 乔榛；丁建华
1049383, 乔柯扎布
1090018, 七点半
12289035, 七里蝉组合
12474162, 启明星组合
11977103, 全男班
12378070, 情歌伴侣
1193431, 柒拾趴乐团
11975170, 枪击泼辣
12155216, 乔紫乔
11974130, 清晨乐团
12046012, 清馨组合
1073034, 七音盒
12024168, Qsmile组合
12622, 秋水茶
1039308, 千城醉歌原创音乐团队
12493521, 秦磊
12632, 七号青
12263225, QQ糖
12154193, 奇克拿ChicKNUP乐团
1039885, 千篇律
1039181, 启真湖没名团
12657, 清然浊然
11081, 千奇百怪
9263, Robynn & Kendy
996336, 人衣大人
840421, 瑞鸣唱片
12708, 如是我闻
12665, RubberBand
828154, 热斑乐队
787034, ReDor锐豆乐队
1047139, RAiNBOW计划
12664, 软硬天师
1135093, RCVO粤语配音组
12666, Raidas
12689, RTA
12669, R&B
12681, Raflum
1132327, 人声兄弟
12693, Roomie
12676, RockCookies
1050053, 热血红娘 
12667, Reborn
12686, RedNoon
12687, Rose Garden
12682, 瑞王坟
847420, Riven乐队
12685, Rainbow Danger Club
1049494, 燃烧青春乐队
1094006, Romantic Fear
1044225, 热浪
1024333, 刃记
12688, 人鬼殊途
12678, Rachel Believes In Me
1057066, relic乐队
12679, Rustic
12668, 人工卫星
12672, RAY
12691, Running Blue
12698, Return The Truth
12663, 人山人海
12699, 燃弦乐队
1122173, Rainbow street
1039677, 溶解
12704, Red Pirates
12684, Red Force
12503171, Ripple
12503236, RGB乐队
12475735, Rabbit Bros
12142112, 阮井弦一
12409139, Rijan Archer
1192420, 阮泰瑞
12080194, 冉冉升起
12053037, 如来不来
11991186, 热力组合
11991185, 锐印组合
12674, 阮对庄脚来
1217001, Red Road
1045073, R.U.F.Z.
12707, 苏打绿
12712, 水木年华
12709, S.H.E
794014, SNH48
12840, Six City
12721, Soler
12877, 丝绒公路
12728, Sweety
673002, Super Junior M
12853, 树子
677003, SpeXial
12715, 舌头
12816, 四个女生
12727, 瘦人
978040, 酸奶
12770, 使者
12717, 山人乐队
12864, Supper Moment
12958, Super Girls
12711, 声音玩具
1002084, 肆囍乐队
12716, 丝袜小姐
12724, 神木与瞳
12908, 生命河灵粮堂
11565, 霜冻前夜
855599, 时光胶囊
12719, 深白色2人组
12963, 声音乐团
12710, 声音碎片乐队
12734, Shine
12832, 丝绵Silkfloss
1045060, 苏紫旭&The Paramecia
12960, 三维鱼
12720, Swing
12713, 刘冬虹与沙子乐队
12838, 时过夏末
1135224, Soulspeak
12867, 声子虫
12820, 上海交响乐团
12744, 孙建平 & Sweet Style
12752, 三角COOL
792422, 四枝笔乐团
12824, 上海民族乐团
12791, 森帕乐队
12745, 山鹰组合
12753, 肆伍
12865, Silverbus
12757, 水晶蝶
687003, SAT轻音乐团
1015027, 十八一心童声合唱团
12839, 山西绛州鼓乐艺术团
1132343, SING女团
12730, 四分卫
12756, 圣以琳音乐事工
12740, 深蓝乐团
792074, 诉人音乐团体
12845, 拾音社
12733, S.B.D.W
12746, 闪亮三姊妹
12815, SNP
12742, 上海音乐家协会少女合唱团
12874, 绅士合唱团
896350, 三藏梵音
12946, 双孖JL
12764, Square
12763, S翼乐团
12849, 石叔诚
12950, 上海越剧院
12892, 上海爱乐民乐团
12735, Selfkill
1003005, 双棒儿
820276, T2o
12833, 烧酒军团
12758, 死党
12911, 上海华夏乐团
12761, StyLe
12799, 水琉璃
1004122, STAR
12942, 圣之美音乐事工
12970, 上海乐团管弦乐队
12926, 上海乐团
12948, 叁劈
12759, 四个朋友
1181266, 岁月男儿
985261, 释厄萌奇
12813, 死因池
12828, 羊秘密
12738, 水晶湖
1049511, 素乐团
12767, Sun Boy'z
12903, 上海杨浦少年艺校合唱团
1105122, 释魂乐队（Soul Liberty）
12933, 神马乐团
12766, 深南大道
12781, Sky
1039879, Show Me The Party
1019650, 树
1074119, 孙悠然
12749, 三跺脚
12901, 伞 Unrest in shadow
12977, 逃跑计划
827728, TFBOYS
12971, 痛仰乐队
12985, Twins
12991, T.R.Y.
12984, 天堂乐队
12988, 铁竹堂
12973, Tizzy Bac
12990, 铁风筝
13038, 天空乐队
13084, 太阳部落
12981, 甜梅号
12983, Tension
13099, Tuxedo
12992, 太极
12994, 脱拉库
12974, 跳房子
13066, 天孪兄弟
10997, 阿修罗
1063205, 天喜果
187564, T.R.Y
13074, 糖兄妹
220792, 特殊任务乐队
886212, The Verse
1058078, TONICK
13117, 法兹乐队 FAZI
13031, 泰武国小古谣传唱队
784175, T-CRASH
13001, 天使之城
1102294, 藤乐队
13109, 糖衣娃娃
1122036, TINGSHIGHUCH
13157, 天籁回音
13041, 天王星
12989, 童党乐队
12982, 甜蜜的孩子
13159, TF家族
1063008, 偷喜办
13044, 糖糖乐团
13027, 天杵
12987, TooKoo
13006, The White Eyes
947126, Tiankong合唱团
1046263, 天声
1049183, TBOR乐队
13094, 偷摸大鸡
1032249, 听雪阁
13002, 铁玉兰
13082, 透明杂志
721022, 太妃堂
13132, TRASH
999116, Torte Bus
953063, 天堂鸟
1120135, TRUE
1154014, 她她 
1081467, the Flow Theory乐队
13032, The Yours
13030, 糖果怪兽
12979, The Marshmallow Kisses
13090, 铁树兰乐队
13304, T.H.P
13108, 甜品店乐团
1048015, TheProzaX百忧解乐队
13056, Twinkle Star
1039378, 蜜桃乐队
13012, 唐茄弄
13007, Tokyo D.
13089, 汤姆与哈克
13054, 天音演唱组
13003, 童话演唱团
13063, The Big Four
1049954, 太阳风
1028070, Twinko 
13061, 同名同姓
12993, 图腾
862005, 推
13138, 唐人街
12986, Today
13008, Time in muscat
13062, Triple Smash
13042, 天幕落
13014, 天织堂
1089081, TuT
1063106, TYTS乐队
13152, 天声一对
1037009, T.P.I
804137, Tinderbox听盒
13637, 苔藓
13009, 特大号乐团
1054135, THE KEY
13111, 泰迪的愿望
13013, 田华&杜磊
1170002, 台湾福音书房
12978, Deep Green Sea
13153, 台北爵士大乐团
1039031, tsingyin
13413, T.O.B戏子
861211, THE ONE
1039892, 糖心少女组
1044145, 糖果枪
1015121, UNIQ
5334, U180
13165, UP Girls
1011189, UN1-SD
13161, Unique
1106052, uncle2
13164, Unfamiliar Friends Party
13162, Unequal Treaty
939133, UV GIRLS
13163, U.TA
12467169, United Asians
12274402, UN AVEC DEUX
12006301, US乐团
11973034, Ume band
11975044, US
1193394, Underway
13173, V
13185, Vanguard Sound
1044125, VR-ONE_PLANET
13186, Virgos室男社
881013, VOX玩声乐团
794031, Vivian
1040130, V7
13177, V-BAND
13169, VRF
1077086, Viva Girls
13176, V-Day
13179, Varo
13178, Varuna
13184, V2
12214198, Violet Lens 绀
12029116, Vast & Hazy
12046850, VP1
11989084, VP团
11984031, V.N.P.
1120020, V5元素
13193, 五月天
13223, 万能青年旅店
751129, 网易游戏
13200, 顽童MJ116
1019047, 武聆音雄
938017, 五条人
13190, 无印良品
13188, 惘闻
13187, 吴虹飞&幸福大街
13197, 温拿
893283, 萬重乐队
13194, 无级生
13204, 伍个火枪手
961053, 五杀摇滚
13281, 袜子小鸡
1023082, 温莎森林
13265, 我心旋律
13237, 玩具船长
963176, 万塘路18号
222871, 伍佰 & China Blue
5369, 五彩呼伦贝尔儿童合唱团
1102268, 吾酷
13228, 五洲唱响
1084125, WAV
13198, White
1045102, 王勃
190200, 无限融合乐团
1026119, 瓦依那
13268, WordySoulspeak
1016169, 卧轨的火车
13202, 旺财
1087009, 伍个火枪手乐队
13235, 五行
1079083, 温故知新
1078305, 威尔先生乐队
13203, 晚间新闻
13205, 丸子
1061009, 莴苣先生
13243, 武虎将
13201, 微
13255, WoodyWoody
13258, WhyOceans
1038057, 葳安 & 葳萱
1060242, 仙童（XianTong）
11600, 王璟&孵化
13254, 五行元素
13260, 武汉理工原创音乐工作室
13212, Whisper Of Tears
13267, 吴永法&何耀伟
1054178, 未卜乐队
1079029, 问乐队
1004103, 玩‍弦四度
13219, 无了期
1083108, 玩Now乐队
13274, Waveform Imagination
13208, 威镇
1050464, 悟乐队
13192, 佤族乐队
13271, Why Lazy
13233, Woodie Alan
13195, 无双
13238, 万能爸爸
1043263, 微乐团
13207, Waterman
13199, 未来脚踏车
13209, WOW
13261, Why Not
776305, 五洲星海
13221, 五行
13210, W.H.Y
808032, 网易邮箱音乐
1087286, 万水 曾斌
13226, Which Park
1084150, 我爱美女
1132219, 邬先生乐队
13257, White Dimension
13234, 妄想屠杀逻辑
13253, Whence He Came
13214, WEWE
1132489, 五音乐队
13218, 唯一
1089177, 无相乐队
1135161, 微笑公爵乐队
13249, Wanderlust
1049566, 问题动物园
1081903, 网易CC主播
13266, 蚊子大象乐队
1049585, 吴屏志
1154055, 无音涯
1131023, 忤逆乐队
13240, 伍角星
1081451, 未完成乐队
1038226, Warm Console
13230, Walnut Room
12091228, 威廉布莱恩
12468278, 维特乐团
11978024, Woman Woman 我们
12390218, 唯物论乐队
1053044, 没有星空的学林街
12273314, 网易漫画
13283, 信乐团
13279, 小娟&山谷里的居民
13282, 新裤子
1033013, 嘻游记
1006074, 夏天播放
13286, 小虎队
13321, 小紫荆儿童合唱团
166005, 小蓓蕾组合
13284, 熊宝贝
900347, 小旭音乐
13363, 小舟与旅行者
187462, 小老虎
13287, 小熊饼干
13366, 旭日阳刚
13378, 玄乐队
13398, 西游乐队
223334, 小荧星合唱团
13331, 相对论乐队
1025290, 小爱与花儿乐队
896340, 宣南乐队
223716, 新月合唱团
13374, 小羊诗歌
11568, 小F4
894070, 熊猫团PandaBros
13191, 小旺福
13359, 新疆木卡姆艺术团
1043481, 小于一
809020, 香料
13325, 兄弟联
13369, 相声瓦舍
1049277, 嘻哈研究生
1170004, 汐音社
13318, 小星星合唱团
955039, 嘻哈包袱铺
13349, 玄公馆
13308, 小岛
850026, 旋转保龄
13367, 小天鹅少儿组合
13380, 戏班
1115214, 小男孩乐团
13370, 小巫师乐队
13345, 香港纯弦
858167, 小雨乐队
991119, 新青年理发厅
13316, 香港中乐团
13295, 锡盘街
13343, 新七小福
13289, 夏宇愈混乐队
13393, 宣道出版社合唱团
13408, 香港管弦乐团
1047312, 现象师
1050708, 星光社
1081761, 新干线乐队
13415, 星盒子
13293, 星期三旅行
13301, 小护士乐团
11407, 新工人艺术团
13297, 新少年俱乐部
1039930, 夏族音乐网络电台
976225, 新声一班
13354, 小自然
13386, 小岚云
13399, 雪山朗玛
13377, 香港道乐团
1102310, 向日葵乐队
13328, 夏
861197, 小老鹰
1178104, 血肉果汁机
1049173, 新疆艺术剧院歌舞团
13319, 小米组合
13320, 心跳男孩
13341, 徐元白;黄雪辉
13290, 新香水
13383, 昕雅组合
13298, 嘻哈高校
1043098, 小波与杰子
13335, 血腥高潮
13410, 西岸男孩
797041, 夏天睡不着
1050378, 穴有棍
13404, 香港爱乐民乐团
166039, 新稻子组合
13311, 西藏拉萨市歌舞团
13357, 虾小米
13303, 新香蕉俱乐部
13326, 新格合唱团
1046336, 仙境之桥
12555, 星球地图
13296, 小松小柏
13322, 新舞器
1090021, 雪沉乐队
13411, 小红与小小红
13384, 仙后工作室
1124361, XjMiracle
13382, 新加坡华乐团
1046205, 玄鸟传说
13358, 香香和琴瘦
13317, 香港歌剧社合唱团
13412, 星云兄弟
787114, 喧闹巴士乐队
947021, 有声小说
13418, 羽·泉
13421, 腰乐队
858267, 谣乐队
13416, 野孩子
13540, 月之门
13439, 译乐队
13529, 衣湿乐队
13428, 萤火虫
954530, 有声读物
13430, 诱导社
962079, 一三
13422, 羽果
13526, 永动机
13424, 樱桃帮
13431, 原·味
13504, 约书亚乐团
13493, 亚洲天使童声合唱团
13535, Yonder Voice
13419, 与非门乐队
13427, 夜叉
13528, 于秋璇
13426, 元卫觉醒
13417, 优客李林
13563, 有声奶昔
13425, 液氧罐头
13429, 隐藏
1057016, 雨阳乐队
13531, 耀乐团
1066006, 影语人
1102010, 语乐队
13437, Yummy
1043476, 咏吟轩
1032146, 野外合作社
6179, 愚人船
13445, 彝人制造
1021160, 烟把儿
1135095, 粤漫三色堇
908178, 与人
13566, 椰子
13454, 因果兄弟
13489, 云雀合唱团
13436, 眼镜蛇
1018125, 郁乐队
13505, 玉麟军
13453, 艳乐队
13679, 音乐2000
6227, 鱼尾纹
1049561, 罂粟花开
13496, 烟头
13441, 银色灰尘
13438, Y.I.Y.O
13533, 艺.洋
13483, Yn gizarm
1040166, 一万光年ACG电台
13487, 音乐铁人
13447, 亚龙大
1132829, 野地百合
13433, 胭花四乐
1019365, 吆拐和吗子
996033, 优雅的迟到者
13510, 牙龈出血 Gum Bleed
1124001, 艳阳天乐队
13468, 元气
13442, 忧欢派对
13434, 宇宙人
1132954, 夜虎乐队
1047140, 野草莓
990291, 雲道
13523, 翼势力
13435, 夜班巴士
13481, 永远怀念塔可夫斯基
13451, 伊妹儿
1116316, 有沐音乐
1039651, 有个电台
13558, 一加一组合
13554, 勇敢的中国
868118, 毅光年
13465, 异端
13527, 远东之狮
1044084, Yippee_Longer
13494, Y-Star
13568, 魇
13459, 押韵机械人
13482, 隐患
13541, 一丁一口
1039143, 炎凉
13449, 野仔
13507, 原野三重唱
13565, 野娃娃乐队
13571, 异种
1051012, Young Time
13458, 有钱的狗
1027007, 云踪者
13549, yourboyfriendsucks!
13452, 阴影
1039597, 原声带网络电台
896484, 叶子乐队
98943, 优雅逆转
820108, 宇翔有声出版社
13584, 至上励合
173002, 张玮玮和郭龙
13580, 纵贯线
13598, 中央人民广播电台少年广播合唱团
13581, 子曰
13593, 中国人民解放军军乐团
13579, 自然卷
13587, 指南针
13638, 中国国家交响乐团
13612, 中央民族乐团
858270, 左麟右李
12227, 重庆孩子
13594, 左右乐队
13588, 正午阳光
13590, 沼泽
13595, 中国娃娃
11234, 重塑雕像的权利
13685, 中国交响乐团合唱团
13586, 战斧
13687, 中国交响乐团附属少年及女子合唱团
13651, 中国歌剧舞剧院交响乐团
13673, 自由发挥
13662, 中国广播民族乐团
861224, 左安西西
13585, 指人儿
13602, 窒息乐队
13652, 自由派对
13645, 中国武警男声合唱团
12118, 葬尸湖
13582, 这位太太
13649, 再循环乐队
11311, 重返袖珍时光
961114, 正月十五
13674, 纸片女孩
13603, 中国爱乐乐团
11246, 中国说唱兄弟
13600, 张崇基&张崇德
13605, 紫环
13694, 中央芭蕾舞团交响乐团
13678, 左右
976158, 致同道合
1066083, 周休八日
13616, Zero
13677, 中央民族乐团合唱队
13684, 朱宗庆打击乐团
13688, 中央合唱团
13635, 中国响姬
13644, 珍妮& 高志坚
1050549, 脏理儿
13698, 中国广播之友合唱团
864122, 中国电影乐团民族乐团
1043536, 张荣凯
13715, 中央音乐学院民族鼓乐团
1132659, 左左右右
1043180, 正皇旗组合
13618, 中国武警合唱团
1094315, 战旗乐队SULD
13592, 周先生
13613, 展翼
13614, 紫丁香
13675, 中央车站
13664, 追星族
13702, 中国广播少儿合唱团
13659, 钟氏兄弟
1046379, 中国宫廷乐社
1115163, 重庆华岩寺梵呗音乐团
13692, 嘴哥乐团
13599, 芝麻&龙眼
13629, 知己二重唱
13609, Zen
13646, 紫雨
13669, 中国阮咸乐团
13668, 中国红
13639, 制度瓦解
13707, 之王
13606, 朱凌凌
13607, 中坚份子
783221, 紫冥乐队
13624, 在草地上
13712, 中国电影乐团
13615, Zarahn
1124271, 制噪乐队
13643, Zaliva-D
13660, 中央歌剧院交响乐团
13626, 张恒&小易
13610, 恣慰
1046278, 郑知文
13690, 自然与神思合奏团
1064092, 周二下午谁没来
1098088, ZingWay
1132315, 躁音门乐队
13667, 中国女子弹拨乐团
789417, 子柒
13704, 中国少年弹拨乐团
13630, 中国力量
13617, 中国辣妹
6704, 枣听乐纪
1049127, 樟脑丸Mothball
1045104, 张剑与河流
13642, 种族纯化
1196009, 天府事变CDREV
11096, BOBO
12972, 唐朝
13333, 新街口
1151026, FMG
11650, 佛跳墙
13247, 文雀
713080,  TimeZ
13738, 183Club
679001, 安与骑兵
13730, 5566
13727, 4 In Love
11764, 黑Girl
13723, 929
13736, 1983
12619, 7朵花
1185021, 老板娘与酒客
1159088, Silver_Nitrate
796003, 花漾年华
13734, 2R
1196004, 刘柏谣&香蕉鱼乐队
1185082, 洪乐团
13676, 099X
1025289, 1931
11813, 核聚变-G
13729, 48V
905062,  微胖女神 
13752, 19
13735, 2moro
13739, 21 Grams
1185065, Anzar
13733, 2女
1185059, 云也乐队
1183050, Kamil-Seypidin
13768, 4ROM
11779, 红蚂蚁
1153002, Sea云
961091,  Hedwig & The Angry Inch 
1184055, 不洁大人
1160211, 风流先森
13728, 33岛乐队
13749, 4PM
1159026, 新疆Bloody说唱
1080124, 表情银行（前16mins）
1160196, 新秩序乐队
1143053, ND
952074, 9cm音乐
1140014, BOB_G
13700, 0411乐队
1183005, 香蕉周刊乐队
13740, 641
167007, 0086男团
12126, 2个女生
13681, 021crew
1158009, The Popest
13737, 22 cats
12310, MORSA
13765, 1+3组合
188773, 4026
1185005, 八点四十八
1159194, 彼与是诗队
1194017, 十四行诗
11554, 21乐队
13744, 206和思想者
1063050, 袁霖 Lin.Y-15
13753, 78BPM
1184024, Timtas
13755, 37.5
1152010, 绿巴士乐队
1194048, 新疆SPEAKER说唱
1143069, The Freedom
1160150, 阿切尔乐队
1158160, Flanger弗兰格乐队
900114, !SSY
1153001, 咸空气乐队
13748, 3T
1145042, 黑屋乐队
1160085, Fine乐团
1160013, 回望雪迟
1160046, Shuffle
187797, 波波冬冬
1192181,  楚世及指挥北京爱乐民乐团
13741, 5秒小子
1160159, 小闪电－张哲
1160155, 蜉蝣目美丽昆虫
220695, 蝴蝶大人
1184037, Harmonika
1183002, 红香蕉乐队
1046408, 36段回旋踢
1039054, 4KeyKid
1195002, 时针
1159071, 刘毅
1195038, 柠檬头乐队
1159192, idgas
1159082, M$K
1158058, 扰流板
1025222, 27度乐队
1158179, Electric Lady
1159059, 玩具兵团乐队
1159156, 唯利玉碎计划
